Master ID From SPSS,Choice Set,Response Indicator,Population Size,Season Length
1,3,0,1,2
1,5,1,1,2
2,3,0,1,2
2,5,0,1,2
3,3,0,1,2
3,5,0,1,2
4,3,1,1,2
4,5,1,1,2
6,3,0,1,2
6,5,1,1,2
10,3,0,1,2
10,5,0,1,2
11,3,0,1,2
11,5,0,1,2
12,3,1,1,2
12,5,1,1,2
13,3,0,1,2
13,5,0,1,2
14,3,0,1,2
14,5,0,1,2
15,3,0,1,2
15,5,0,1,2
16,3,0,1,2
16,5,0,1,2
17,3,0,1,2
17,5,0,1,2
18,3,1,1,2
18,5,1,1,2
19,3,0,1,2
19,5,0,1,2
21,3,1,1,2
21,5,1,1,2
22,3,1,1,2
22,5,1,1,2
24,3,0,1,2
24,5,0,1,2
25,3,0,1,2
25,5,0,1,2
29,3,0,1,2
29,5,0,1,2
30,3,1,1,2
30,5,1,1,2
31,3,0,1,2
31,5,0,1,2
32,3,0,1,2
32,5,0,1,2
34,3,1,1,2
34,5,1,1,2
35,3,0,1,2
35,5,0,1,2
37,3,0,1,2
37,5,0,1,2
38,3,0,1,2
38,5,0,1,2
40,3,1,1,2
40,5,0,1,2
41,3,0,1,2
41,5,0,1,2
42,3,0,1,2
42,5,0,1,2
43,3,0,1,2
43,5,0,1,2
44,3,0,1,2
44,5,0,1,2
45,3,0,1,2
45,5,1,1,2
46,3,0,1,2
46,5,0,1,2
47,3,0,1,2
47,5,0,1,2
49,3,1,1,2
49,5,1,1,2
50,3,0,1,2
50,5,1,1,2
51,3,1,1,2
51,5,0,1,2
52,3,1,1,2
52,5,1,1,2
53,3,0,1,2
53,5,0,1,2
54,3,0,1,2
54,5,0,1,2
55,3,0,1,2
55,5,0,1,2
57,3,0,1,2
57,5,0,1,2
58,3,0,1,2
58,5,1,1,2
59,3,0,1,2
59,5,0,1,2
61,3,0,1,2
61,5,0,1,2
64,3,1,1,2
64,5,1,1,2
65,3,0,1,2
65,5,0,1,2
66,3,0,1,2
66,5,0,1,2
67,3,0,1,2
67,5,0,1,2
68,3,1,1,2
68,5,0,1,2
69,3,0,1,2
69,5,0,1,2
70,3,0,1,2
70,5,0,1,2
71,3,0,1,2
71,5,0,1,2
73,3,0,1,2
73,5,0,1,2
74,3,0,1,2
74,5,0,1,2
76,3,1,1,2
76,5,1,1,2
79,3,0,1,2
79,5,0,1,2
80,3,0,1,2
80,5,1,1,2
81,3,0,1,2
81,5,0,1,2
82,3,0,1,2
82,5,0,1,2
83,3,0,1,2
83,5,0,1,2
84,3,0,1,2
84,5,1,1,2
87,3,0,1,2
87,5,0,1,2
88,3,0,1,2
88,5,0,1,2
89,3,0,1,2
89,5,0,1,2
90,3,1,1,2
90,5,0,1,2
91,3,0,1,2
91,5,0,1,2
92,3,0,1,2
92,5,1,1,2
93,3,0,1,2
93,5,0,1,2
94,3,0,1,2
94,5,0,1,2
96,3,0,1,2
96,5,1,1,2
97,3,0,1,2
97,5,0,1,2
98,3,0,1,2
98,5,0,1,2
99,3,1,1,2
99,5,1,1,2
100,3,0,1,2
100,5,1,1,2
101,3,1,1,2
101,5,1,1,2
102,3,0,1,2
102,5,0,1,2
103,3,0,1,2
103,5,0,1,2
104,3,0,1,2
104,5,1,1,2
105,3,0,1,2
105,5,0,1,2
106,3,1,1,2
106,5,1,1,2
107,3,0,1,2
107,5,1,1,2
108,3,1,1,2
108,5,1,1,2
112,3,0,1,2
112,5,1,1,2
113,3,0,1,2
113,5,0,1,2
116,3,1,1,2
116,5,1,1,2
117,3,0,1,2
117,5,0,1,2
118,3,1,1,2
118,5,1,1,2
119,3,1,1,2
119,5,1,1,2
120,3,0,1,2
120,5,0,1,2
121,3,1,1,2
121,5,1,1,2
124,3,1,1,2
124,5,0,1,2
125,3,0,1,2
125,5,0,1,2
127,3,0,1,2
127,5,0,1,2
128,3,0,1,2
128,5,0,1,2
129,3,1,1,2
129,5,0,1,2
130,3,0,1,2
130,5,1,1,2
131,3,0,1,2
131,5,0,1,2
132,3,1,1,2
132,5,1,1,2
133,3,0,1,2
133,5,0,1,2
134,3,0,1,2
134,5,0,1,2
136,3,1,1,2
136,5,0,1,2
137,3,0,1,2
137,5,0,1,2
138,3,0,1,2
138,5,0,1,2
139,3,0,1,2
139,5,0,1,2
140,3,0,1,2
140,5,0,1,2
141,3,1,1,2
141,5,1,1,2
142,3,0,1,2
142,5,0,1,2
143,3,0,1,2
143,5,0,1,2
144,3,0,1,2
144,5,0,1,2
145,3,1,1,2
145,5,0,1,2
146,3,0,1,2
146,5,0,1,2
148,3,1,1,2
148,5,1,1,2
149,3,0,1,2
149,5,0,1,2
150,3,0,1,2
150,5,0,1,2
151,3,0,1,2
151,5,0,1,2
153,3,0,1,2
153,5,0,1,2
154,3,0,1,2
154,5,0,1,2
155,3,0,1,2
155,5,0,1,2
156,3,0,1,2
156,5,0,1,2
157,3,0,1,2
157,5,0,1,2
158,3,0,1,2
158,5,0,1,2
160,3,0,1,2
160,5,1,1,2
161,3,0,1,2
161,5,1,1,2
162,3,0,1,2
162,5,0,1,2
163,3,0,1,2
163,5,0,1,2
164,3,0,1,2
164,5,0,1,2
165,3,0,1,2
165,5,0,1,2
166,3,0,1,2
166,5,0,1,2
167,3,0,1,2
167,5,1,1,2
170,3,0,1,2
170,5,0,1,2
171,3,0,1,2
171,5,0,1,2
172,3,1,1,2
172,5,1,1,2
173,3,1,1,2
173,5,0,1,2
176,3,0,1,2
176,5,0,1,2
178,3,0,1,2
178,5,0,1,2
181,3,0,1,2
181,5,0,1,2
182,3,0,1,2
182,5,0,1,2
183,3,0,1,2
183,5,0,1,2
185,3,0,1,2
185,5,0,1,2
186,3,0,1,2
186,5,0,1,2
187,3,0,1,2
187,5,0,1,2
188,3,0,1,2
188,5,0,1,2
189,3,0,1,2
189,5,0,1,2
190,3,1,1,2
190,5,1,1,2
191,3,0,1,2
191,5,0,1,2
192,3,1,1,2
192,5,1,1,2
193,3,0,1,2
193,5,0,1,2
194,3,0,1,2
194,5,0,1,2
195,3,1,1,2
195,5,1,1,2
196,3,0,1,2
196,5,0,1,2
197,3,0,1,2
197,5,0,1,2
198,3,0,1,2
198,5,0,1,2
199,3,1,1,2
199,5,0,1,2
200,3,1,1,2
200,5,1,1,2
203,3,0,1,2
203,5,0,1,2
204,3,0,1,2
204,5,0,1,2
205,3,0,1,2
205,5,0,1,2
207,3,1,1,2
207,5,0,1,2
209,3,0,1,2
209,5,0,1,2
210,3,0,1,2
210,5,0,1,2
211,3,0,1,2
211,5,0,1,2
212,3,0,1,2
212,5,0,1,2
214,3,0,1,2
214,5,0,1,2
216,3,0,1,2
216,5,0,1,2
217,3,0,1,2
217,5,0,1,2
218,3,0,1,2
218,5,0,1,2
219,3,0,1,2
219,5,0,1,2
222,3,0,1,2
222,5,0,1,2
223,3,0,1,2
223,5,0,1,2
224,3,0,1,2
224,5,0,1,2
225,3,0,1,2
225,5,0,1,2
226,3,0,1,2
226,5,0,1,2
227,3,0,1,2
227,5,0,1,2
228,3,0,1,2
228,5,0,1,2
229,3,0,1,2
229,5,0,1,2
230,3,0,1,2
230,5,1,1,2
232,3,1,1,2
232,5,1,1,2
233,3,0,1,2
233,5,0,1,2
235,3,0,1,2
235,5,0,1,2
236,3,0,1,2
236,5,0,1,2
237,3,0,1,2
237,5,0,1,2
238,3,0,1,2
238,5,0,1,2
240,3,0,1,2
240,5,0,1,2
241,3,0,1,2
241,5,0,1,2
242,3,0,1,2
242,5,0,1,2
243,3,0,1,2
243,5,0,1,2
244,3,0,1,2
244,5,0,1,2
245,3,0,1,2
245,5,0,1,2
247,3,0,1,2
247,5,0,1,2
248,3,0,1,2
248,5,0,1,2
250,3,0,1,2
250,5,1,1,2
251,3,0,1,2
251,5,0,1,2
253,3,0,1,2
253,5,0,1,2
255,3,1,1,2
255,5,0,1,2
256,3,0,1,2
256,5,0,1,2
257,3,0,1,2
257,5,0,1,2
258,3,0,1,2
258,5,0,1,2
259,3,0,1,2
259,5,0,1,2
260,3,0,1,2
260,5,0,1,2
263,3,1,1,2
263,5,1,1,2
264,3,0,1,2
264,5,0,1,2
265,3,0,1,2
265,5,0,1,2
266,3,0,1,2
266,5,0,1,2
267,3,0,1,2
267,5,0,1,2
270,3,0,1,2
270,5,1,1,2
271,3,1,1,2
271,5,0,1,2
272,3,0,1,2
272,5,0,1,2
273,3,0,1,2
273,5,0,1,2
275,3,0,1,2
275,5,0,1,2
276,3,0,1,2
276,5,0,1,2
280,3,1,1,2
280,5,0,1,2
281,3,0,1,2
281,5,0,1,2
282,3,0,1,2
282,5,1,1,2
283,3,0,1,2
283,5,0,1,2
285,3,0,1,2
285,5,0,1,2
286,3,1,1,2
286,5,1,1,2
287,3,0,1,2
287,5,0,1,2
292,3,0,1,2
292,5,1,1,2
294,3,0,1,2
294,5,0,1,2
295,3,0,1,2
295,5,0,1,2
296,3,0,1,2
296,5,0,1,2
297,3,0,1,2
297,5,0,1,2
298,3,1,1,2
298,5,1,1,2
299,3,0,1,2
299,5,0,1,2
300,3,0,1,2
300,5,1,1,2
302,3,1,1,2
302,5,0,1,2
304,3,1,1,2
304,5,1,1,2
305,3,0,1,2
305,5,0,1,2
306,3,1,1,2
306,5,1,1,2
307,3,0,1,2
307,5,0,1,2
310,3,0,1,2
310,5,1,1,2
311,3,0,1,2
311,5,0,1,2
312,3,0,1,2
312,5,0,1,2
313,3,0,1,2
313,5,0,1,2
314,3,0,1,2
314,5,0,1,2
315,3,0,1,2
315,5,0,1,2
317,3,0,1,2
317,5,0,1,2
318,3,0,1,2
318,5,0,1,2
319,3,1,1,2
319,5,1,1,2
320,3,0,1,2
320,5,1,1,2
321,3,0,1,2
321,5,0,1,2
322,3,0,1,2
322,5,0,1,2
323,3,0,1,2
323,5,0,1,2
324,3,1,1,2
324,5,1,1,2
325,3,0,1,2
325,5,0,1,2
326,3,1,1,2
326,5,1,1,2
328,3,0,1,2
328,5,1,1,2
329,3,0,1,2
329,5,0,1,2
330,3,0,1,2
330,5,0,1,2
331,3,1,1,2
331,5,1,1,2
333,3,1,1,2
333,5,0,1,2
334,3,1,1,2
334,5,1,1,2
335,3,0,1,2
335,5,0,1,2
337,3,1,1,2
337,5,0,1,2
339,3,1,1,2
339,5,0,1,2
340,3,1,1,2
340,5,1,1,2
342,3,0,1,2
342,5,1,1,2
343,3,0,1,2
343,5,0,1,2
344,3,0,1,2
344,5,0,1,2
346,3,0,1,2
346,5,1,1,2
347,3,0,1,2
347,5,0,1,2
348,3,0,1,2
348,5,0,1,2
349,3,0,1,2
349,5,1,1,2
350,3,0,1,2
350,5,0,1,2
353,3,0,1,2
353,5,0,1,2
354,3,0,1,2
354,5,0,1,2
357,3,0,1,2
357,5,0,1,2
358,3,1,1,2
358,5,1,1,2
359,3,0,1,2
359,5,0,1,2
360,3,1,1,2
360,5,1,1,2
361,3,0,1,2
361,5,0,1,2
362,3,0,1,2
362,5,0,1,2
364,3,0,1,2
364,5,0,1,2
365,3,0,1,2
365,5,0,1,2
366,3,0,1,2
366,5,1,1,2
367,3,0,1,2
367,5,0,1,2
369,3,0,1,2
369,5,0,1,2
370,3,0,1,2
370,5,0,1,2
371,3,1,1,2
371,5,1,1,2
374,3,0,1,2
374,5,0,1,2
376,3,0,1,2
376,5,0,1,2
377,3,0,1,2
377,5,0,1,2
378,3,0,1,2
378,5,0,1,2
380,3,1,1,2
380,5,1,1,2
381,3,0,1,2
381,5,0,1,2
382,3,0,1,2
382,5,0,1,2
383,3,0,1,2
383,5,0,1,2
385,3,0,1,2
385,5,0,1,2
386,3,0,1,2
386,5,1,1,2
387,3,0,1,2
387,5,1,1,2
388,3,1,1,2
388,5,1,1,2
389,3,0,1,2
389,5,1,1,2
390,3,1,1,2
390,5,1,1,2
391,3,1,1,2
391,5,1,1,2
392,3,1,1,2
392,5,1,1,2
394,3,0,1,2
394,5,0,1,2
395,3,1,1,2
395,5,1,1,2
396,3,0,1,2
396,5,0,1,2
397,3,0,1,2
397,5,0,1,2
398,3,0,1,2
398,5,1,1,2
402,3,0,1,2
402,5,1,1,2
403,3,0,1,2
403,5,0,1,2
406,3,0,1,2
406,5,1,1,2
407,3,0,1,2
407,5,0,1,2
408,3,1,1,2
408,5,0,1,2
409,3,0,1,2
409,5,0,1,2
410,3,0,1,2
410,5,0,1,2
411,3,0,1,2
411,5,0,1,2
412,3,0,1,2
412,5,0,1,2
413,3,0,1,2
413,5,0,1,2
414,3,0,1,2
414,5,0,1,2
415,3,0,1,2
415,5,0,1,2
416,3,1,1,2
416,5,1,1,2
418,3,0,1,2
418,5,0,1,2
419,3,0,1,2
419,5,0,1,2
422,3,0,1,2
422,5,0,1,2
424,3,0,1,2
424,5,0,1,2
426,3,0,1,2
426,5,0,1,2
427,3,0,1,2
427,5,1,1,2
428,3,0,1,2
428,5,0,1,2
430,3,0,1,2
430,5,0,1,2
431,3,0,1,2
431,5,0,1,2
432,3,0,1,2
432,5,1,1,2
436,3,1,1,2
436,5,1,1,2
437,3,0,1,2
437,5,0,1,2
440,3,0,1,2
440,5,0,1,2
441,3,1,1,2
441,5,1,1,2
442,3,0,1,2
442,5,0,1,2
443,3,1,1,2
443,5,1,1,2
444,3,1,1,2
444,5,1,1,2
445,3,0,1,2
445,5,0,1,2
448,3,0,1,2
448,5,0,1,2
449,3,0,1,2
449,5,0,1,2
450,3,0,1,2
450,5,0,1,2
451,3,0,1,2
451,5,0,1,2
452,3,0,1,2
452,5,0,1,2
453,3,0,1,2
453,5,0,1,2
454,3,0,1,2
454,5,1,1,2
455,3,1,1,2
455,5,1,1,2
457,3,0,1,2
457,5,0,1,2
458,3,0,1,2
458,5,0,1,2
459,3,1,1,2
459,5,1,1,2
460,3,0,1,2
460,5,0,1,2
461,3,0,1,2
461,5,0,1,2
462,3,0,1,2
462,5,0,1,2
463,3,0,1,2
463,5,0,1,2
464,3,0,1,2
464,5,1,1,2
465,3,0,1,2
465,5,0,1,2
467,3,0,1,2
467,5,0,1,2
468,3,1,1,2
468,5,1,1,2
469,3,0,1,2
469,5,0,1,2
470,3,0,1,2
470,5,0,1,2
471,3,1,1,2
471,5,1,1,2
473,3,0,1,2
473,5,0,1,2
474,3,0,1,2
474,5,0,1,2
476,3,0,1,2
476,5,0,1,2
477,3,0,1,2
477,5,0,1,2
478,3,0,1,2
478,5,0,1,2
479,3,0,1,2
479,5,0,1,2
480,3,0,1,2
480,5,0,1,2
481,3,0,1,2
481,5,1,1,2
483,3,1,1,2
483,5,1,1,2
485,3,1,1,2
485,5,1,1,2
486,3,0,1,2
486,5,0,1,2
487,3,0,1,2
487,5,1,1,2
488,3,0,1,2
488,5,0,1,2
489,3,1,1,2
489,5,0,1,2
490,3,0,1,2
490,5,0,1,2
491,3,0,1,2
491,5,0,1,2
494,3,1,1,2
494,5,1,1,2
495,3,0,1,2
495,5,0,1,2
496,3,1,1,2
496,5,0,1,2
497,3,0,1,2
497,5,0,1,2
498,3,1,1,2
498,5,0,1,2
499,3,0,1,2
499,5,0,1,2
500,3,0,1,2
500,5,0,1,2
501,3,1,1,2
501,5,1,1,2
504,3,1,1,2
504,5,1,1,2
505,3,1,1,2
505,5,0,1,2
507,3,0,1,2
507,5,0,1,2
509,3,0,1,2
509,5,0,1,2
510,3,1,1,2
510,5,1,1,2
512,3,0,1,2
512,5,0,1,2
514,3,0,1,2
514,5,0,1,2
515,3,0,1,2
515,5,0,1,2
516,3,0,1,2
516,5,0,1,2
518,3,0,1,2
518,5,0,1,2
520,3,0,1,2
520,5,0,1,2
521,3,0,1,2
521,5,0,1,2
522,3,0,1,2
522,5,0,1,2
523,3,1,1,2
523,5,1,1,2
525,3,0,1,2
525,5,0,1,2
526,3,0,1,2
526,5,0,1,2
527,3,0,1,2
527,5,0,1,2
528,3,0,1,2
528,5,0,1,2
529,3,0,1,2
529,5,0,1,2
530,3,0,1,2
530,5,0,1,2
531,3,0,1,2
531,5,0,1,2
532,3,1,1,2
532,5,1,1,2
533,3,0,1,2
533,5,0,1,2
535,3,0,1,2
535,5,1,1,2
536,3,0,1,2
536,5,0,1,2
537,3,0,1,2
537,5,0,1,2
538,3,0,1,2
538,5,0,1,2
539,3,0,1,2
539,5,0,1,2
540,3,0,1,2
540,5,0,1,2
541,3,0,1,2
541,5,0,1,2
542,3,0,1,2
542,5,0,1,2
544,3,0,1,2
544,5,0,1,2
545,3,0,1,2
545,5,0,1,2
547,3,0,1,2
547,5,1,1,2
548,3,0,1,2
548,5,1,1,2
549,3,0,1,2
549,5,0,1,2
550,3,0,1,2
550,5,0,1,2
551,3,1,1,2
551,5,1,1,2
553,3,0,1,2
553,5,0,1,2
554,3,0,1,2
554,5,0,1,2
555,3,0,1,2
555,5,0,1,2
556,3,0,1,2
556,5,0,1,2
559,3,1,1,2
559,5,0,1,2
560,3,0,1,2
560,5,0,1,2
561,3,0,1,2
561,5,1,1,2
562,3,0,1,2
562,5,0,1,2
563,3,0,1,2
563,5,0,1,2
564,3,0,1,2
564,5,0,1,2
565,3,0,1,2
565,5,0,1,2
566,3,1,1,2
566,5,1,1,2
567,3,0,1,2
567,5,0,1,2
568,3,0,1,2
568,5,1,1,2
569,3,1,1,2
569,5,1,1,2
570,3,0,1,2
570,5,0,1,2
571,3,0,1,2
571,5,0,1,2
572,3,1,1,2
572,5,0,1,2
573,3,0,1,2
573,5,0,1,2
574,3,0,1,2
574,5,0,1,2
575,3,0,1,2
575,5,0,1,2
576,3,0,1,2
576,5,0,1,2
577,3,0,1,2
577,5,0,1,2
580,3,1,1,2
580,5,1,1,2
581,3,1,1,2
581,5,0,1,2
583,3,0,1,2
583,5,0,1,2
585,3,0,1,2
585,5,0,1,2
586,3,0,1,2
586,5,0,1,2
587,3,0,1,2
587,5,0,1,2
588,3,0,1,2
588,5,0,1,2
589,3,1,1,2
589,5,0,1,2
590,3,0,1,2
590,5,0,1,2
591,3,0,1,2
591,5,0,1,2
593,3,0,1,2
593,5,0,1,2
594,3,0,1,2
594,5,0,1,2
595,3,0,1,2
595,5,1,1,2
596,3,0,1,2
596,5,0,1,2
597,3,0,1,2
597,5,0,1,2
598,3,0,1,2
598,5,1,1,2
599,3,0,1,2
599,5,1,1,2
600,3,0,1,2
600,5,0,1,2
601,3,0,1,2
601,5,0,1,2
602,3,0,1,2
602,5,1,1,2
603,3,0,1,2
603,5,0,1,2
604,3,0,1,2
604,5,0,1,2
606,3,0,1,2
606,5,0,1,2
607,3,0,1,2
607,5,0,1,2
608,3,0,1,2
608,5,0,1,2
609,3,0,1,2
609,5,0,1,2
610,3,0,1,2
610,5,1,1,2
612,3,0,1,2
612,5,1,1,2
613,3,0,1,2
613,5,0,1,2
615,3,0,1,2
615,5,0,1,2
616,3,0,1,2
616,5,0,1,2
617,3,0,1,2
617,5,0,1,2
618,3,0,1,2
618,5,0,1,2
619,3,0,1,2
619,5,0,1,2
621,3,0,1,2
621,5,0,1,2
623,3,0,1,2
623,5,0,1,2
625,3,0,1,2
625,5,0,1,2
626,3,0,1,2
626,5,0,1,2
627,3,1,1,2
627,5,0,1,2
628,3,0,1,2
628,5,0,1,2
629,3,0,1,2
629,5,0,1,2
630,3,0,1,2
630,5,0,1,2
631,3,0,1,2
631,5,0,1,2
632,3,1,1,2
632,5,1,1,2
633,3,0,1,2
633,5,0,1,2
635,3,0,1,2
635,5,1,1,2
636,3,0,1,2
636,5,0,1,2
637,3,0,1,2
637,5,1,1,2
638,3,0,1,2
638,5,0,1,2
639,3,0,1,2
639,5,0,1,2
640,3,1,1,2
640,5,1,1,2
641,3,0,1,2
641,5,1,1,2
642,3,1,1,2
642,5,1,1,2
643,3,0,1,2
643,5,0,1,2
644,3,0,1,2
644,5,0,1,2
646,3,1,1,2
646,5,1,1,2
647,3,0,1,2
647,5,0,1,2
649,3,0,1,2
649,5,0,1,2
650,3,0,1,2
650,5,0,1,2
652,3,0,1,2
652,5,0,1,2
653,3,0,1,2
653,5,0,1,2
654,3,0,1,2
654,5,0,1,2
657,3,0,1,2
657,5,0,1,2
658,3,1,1,2
658,5,0,1,2
659,3,0,1,2
659,5,0,1,2
661,3,0,1,2
661,5,0,1,2
662,3,0,1,2
662,5,0,1,2
663,3,0,1,2
663,5,0,1,2
664,3,0,1,2
664,5,0,1,2
666,3,0,1,2
666,5,0,1,2
669,3,1,1,2
669,5,0,1,2
670,3,1,1,2
670,5,1,1,2
671,3,0,1,2
671,5,0,1,2
672,3,0,1,2
672,5,0,1,2
675,3,0,1,2
675,5,0,1,2
678,3,0,1,2
678,5,0,1,2
679,3,0,1,2
679,5,1,1,2
680,3,0,1,2
680,5,0,1,2
681,3,0,1,2
681,5,0,1,2
683,3,0,1,2
683,5,0,1,2
684,3,0,1,2
684,5,0,1,2
685,3,0,1,2
685,5,0,1,2
687,3,0,1,2
687,5,0,1,2
688,3,0,1,2
688,5,0,1,2
690,3,0,1,2
690,5,0,1,2
691,3,0,1,2
691,5,1,1,2
692,3,0,1,2
692,5,0,1,2
693,3,0,1,2
693,5,0,1,2
694,3,0,1,2
694,5,0,1,2
695,3,0,1,2
695,5,0,1,2
696,3,0,1,2
696,5,0,1,2
697,3,0,1,2
697,5,0,1,2
698,3,0,1,2
698,5,0,1,2
699,3,0,1,2
699,5,0,1,2
700,3,1,1,2
700,5,1,1,2
701,3,0,1,2
701,5,0,1,2
702,3,0,1,2
702,5,1,1,2
703,3,0,1,2
703,5,0,1,2
704,3,0,1,2
704,5,0,1,2
705,3,0,1,2
705,5,0,1,2
706,3,0,1,2
706,5,1,1,2
708,3,0,1,2
708,5,0,1,2
709,3,0,1,2
709,5,0,1,2
710,3,0,1,2
710,5,0,1,2
711,3,0,1,2
711,5,0,1,2
712,3,0,1,2
712,5,0,1,2
714,3,0,1,2
714,5,0,1,2
715,3,0,1,2
715,5,0,1,2
716,3,1,1,2
716,5,1,1,2
720,3,1,1,2
720,5,1,1,2
721,3,0,1,2
721,5,1,1,2
722,3,0,1,2
722,5,0,1,2
723,3,0,1,2
723,5,0,1,2
724,3,0,1,2
724,5,0,1,2
726,3,0,1,2
726,5,0,1,2
727,3,0,1,2
727,5,1,1,2
728,3,1,1,2
728,5,0,1,2
729,3,0,1,2
729,5,0,1,2
730,3,0,1,2
730,5,0,1,2
731,3,0,1,2
731,5,0,1,2
732,3,0,1,2
732,5,1,1,2
735,3,0,1,2
735,5,0,1,2
738,3,0,1,2
738,5,0,1,2
739,3,0,1,2
739,5,0,1,2
740,3,1,1,2
740,5,0,1,2
741,3,0,1,2
741,5,0,1,2
742,3,0,1,2
742,5,1,1,2
744,3,0,1,2
744,5,0,1,2
745,3,0,1,2
745,5,0,1,2
747,3,0,1,2
747,5,0,1,2
748,3,1,1,2
748,5,1,1,2
749,3,0,1,2
749,5,0,1,2
750,3,0,1,2
750,5,0,1,2
751,3,0,1,2
751,5,1,1,2
752,3,0,1,2
752,5,0,1,2
754,3,1,1,2
754,5,0,1,2
755,3,0,1,2
755,5,0,1,2
756,3,0,1,2
756,5,0,1,2
757,3,0,1,2
757,5,1,1,2
759,3,0,1,2
759,5,0,1,2
762,3,0,1,2
762,5,0,1,2
764,3,0,1,2
764,5,0,1,2
766,3,0,1,2
766,5,0,1,2
767,3,0,1,2
767,5,0,1,2
768,3,0,1,2
768,5,0,1,2
770,3,0,1,2
770,5,0,1,2
771,3,0,1,2
771,5,0,1,2
772,3,0,1,2
772,5,0,1,2
773,3,0,1,2
773,5,0,1,2
775,3,1,1,2
775,5,1,1,2
776,3,0,1,2
776,5,0,1,2
777,3,0,1,2
777,5,0,1,2
778,3,0,1,2
778,5,0,1,2
1,4,0,1,3
1,6,0,1,3
2,4,0,1,3
2,6,0,1,3
3,4,0,1,3
3,6,0,1,3
4,4,0,1,3
4,6,1,1,3
6,4,1,1,3
6,6,0,1,3
10,4,0,1,3
10,6,0,1,3
11,4,0,1,3
11,6,0,1,3
12,4,0,1,3
12,6,0,1,3
13,4,0,1,3
13,6,0,1,3
14,4,0,1,3
14,6,0,1,3
15,4,0,1,3
15,6,0,1,3
16,4,0,1,3
16,6,0,1,3
17,4,0,1,3
17,6,0,1,3
18,4,0,1,3
18,6,0,1,3
19,4,0,1,3
19,6,0,1,3
21,4,1,1,3
21,6,1,1,3
22,4,1,1,3
22,6,1,1,3
24,4,1,1,3
24,6,1,1,3
25,4,0,1,3
25,6,0,1,3
29,4,0,1,3
29,6,0,1,3
30,4,1,1,3
30,6,0,1,3
31,4,0,1,3
31,6,0,1,3
32,4,0,1,3
32,6,0,1,3
34,4,1,1,3
34,6,1,1,3
35,4,0,1,3
35,6,0,1,3
37,4,0,1,3
37,6,0,1,3
38,4,0,1,3
38,6,0,1,3
40,4,0,1,3
40,6,1,1,3
41,4,0,1,3
41,6,0,1,3
42,4,0,1,3
42,6,0,1,3
43,4,0,1,3
43,6,0,1,3
44,4,0,1,3
44,6,0,1,3
45,4,1,1,3
45,6,0,1,3
46,4,1,1,3
46,6,1,1,3
47,4,0,1,3
47,6,0,1,3
49,4,1,1,3
49,6,1,1,3
50,4,0,1,3
50,6,0,1,3
51,4,0,1,3
51,6,0,1,3
52,4,1,1,3
52,6,0,1,3
53,4,0,1,3
53,6,0,1,3
54,4,0,1,3
54,6,0,1,3
55,4,0,1,3
55,6,0,1,3
57,4,0,1,3
57,6,0,1,3
58,4,0,1,3
58,6,0,1,3
59,4,0,1,3
59,6,0,1,3
61,4,0,1,3
61,6,0,1,3
64,4,0,1,3
64,6,1,1,3
65,4,0,1,3
65,6,0,1,3
66,4,0,1,3
66,6,0,1,3
67,4,0,1,3
67,6,0,1,3
68,4,0,1,3
68,6,1,1,3
69,4,0,1,3
69,6,0,1,3
70,4,0,1,3
70,6,0,1,3
71,4,0,1,3
71,6,0,1,3
73,4,0,1,3
73,6,0,1,3
74,4,0,1,3
74,6,0,1,3
76,4,1,1,3
76,6,1,1,3
79,4,0,1,3
79,6,0,1,3
80,4,1,1,3
80,6,0,1,3
81,4,0,1,3
81,6,0,1,3
82,4,0,1,3
82,6,0,1,3
83,4,0,1,3
83,6,0,1,3
84,4,0,1,3
84,6,0,1,3
87,4,0,1,3
87,6,0,1,3
88,4,0,1,3
88,6,0,1,3
89,4,0,1,3
89,6,0,1,3
90,4,1,1,3
90,6,0,1,3
91,4,0,1,3
91,6,0,1,3
92,4,0,1,3
92,6,0,1,3
93,4,0,1,3
93,6,0,1,3
94,4,0,1,3
94,6,0,1,3
96,4,1,1,3
96,6,0,1,3
97,4,0,1,3
97,6,1,1,3
98,4,0,1,3
98,6,0,1,3
99,4,1,1,3
99,6,1,1,3
100,4,0,1,3
100,6,0,1,3
101,4,0,1,3
101,6,1,1,3
102,4,0,1,3
102,6,0,1,3
103,4,0,1,3
103,6,0,1,3
104,4,1,1,3
104,6,0,1,3
105,4,0,1,3
105,6,0,1,3
106,4,0,1,3
106,6,1,1,3
107,4,1,1,3
107,6,0,1,3
108,4,0,1,3
108,6,1,1,3
112,4,0,1,3
112,6,0,1,3
113,4,0,1,3
113,6,0,1,3
116,4,1,1,3
116,6,1,1,3
117,4,0,1,3
117,6,0,1,3
118,4,1,1,3
118,6,1,1,3
119,4,0,1,3
119,6,1,1,3
120,4,0,1,3
120,6,0,1,3
121,4,1,1,3
121,6,1,1,3
124,4,0,1,3
124,6,0,1,3
125,4,0,1,3
125,6,0,1,3
127,4,0,1,3
127,6,0,1,3
128,4,0,1,3
128,6,0,1,3
129,4,0,1,3
129,6,1,1,3
130,4,0,1,3
130,6,1,1,3
131,4,0,1,3
131,6,0,1,3
132,4,1,1,3
132,6,1,1,3
133,4,0,1,3
133,6,0,1,3
134,4,0,1,3
134,6,0,1,3
136,4,1,1,3
136,6,1,1,3
137,4,0,1,3
137,6,0,1,3
138,4,0,1,3
138,6,0,1,3
139,4,0,1,3
139,6,0,1,3
140,4,0,1,3
140,6,0,1,3
141,4,1,1,3
141,6,1,1,3
142,4,0,1,3
142,6,0,1,3
143,4,0,1,3
143,6,0,1,3
144,4,0,1,3
144,6,0,1,3
145,4,0,1,3
145,6,0,1,3
146,4,0,1,3
146,6,0,1,3
148,4,1,1,3
148,6,1,1,3
149,4,0,1,3
149,6,0,1,3
150,4,0,1,3
150,6,0,1,3
151,4,0,1,3
151,6,0,1,3
153,4,0,1,3
153,6,0,1,3
154,4,0,1,3
154,6,0,1,3
155,4,0,1,3
155,6,0,1,3
156,4,0,1,3
156,6,0,1,3
157,4,0,1,3
157,6,0,1,3
158,4,0,1,3
158,6,0,1,3
160,4,1,1,3
160,6,0,1,3
161,4,1,1,3
161,6,1,1,3
162,4,0,1,3
162,6,0,1,3
163,4,0,1,3
163,6,0,1,3
164,4,0,1,3
164,6,0,1,3
165,4,0,1,3
165,6,0,1,3
166,4,0,1,3
166,6,0,1,3
167,4,0,1,3
167,6,0,1,3
170,4,0,1,3
170,6,0,1,3
171,4,0,1,3
171,6,0,1,3
172,4,1,1,3
172,6,1,1,3
173,4,0,1,3
173,6,0,1,3
176,4,0,1,3
176,6,1,1,3
178,4,0,1,3
178,6,0,1,3
181,4,0,1,3
181,6,0,1,3
182,4,0,1,3
182,6,0,1,3
183,4,0,1,3
183,6,0,1,3
185,4,0,1,3
185,6,0,1,3
186,4,0,1,3
186,6,0,1,3
187,4,0,1,3
187,6,0,1,3
188,4,0,1,3
188,6,0,1,3
189,4,0,1,3
189,6,0,1,3
190,4,1,1,3
190,6,0,1,3
191,4,0,1,3
191,6,0,1,3
192,4,1,1,3
192,6,1,1,3
193,4,0,1,3
193,6,0,1,3
194,4,0,1,3
194,6,0,1,3
195,4,0,1,3
195,6,0,1,3
196,4,0,1,3
196,6,0,1,3
197,4,0,1,3
197,6,0,1,3
198,4,0,1,3
198,6,0,1,3
199,4,0,1,3
199,6,0,1,3
200,4,0,1,3
200,6,1,1,3
203,4,0,1,3
203,6,0,1,3
204,4,0,1,3
204,6,0,1,3
205,4,0,1,3
205,6,0,1,3
207,4,0,1,3
207,6,0,1,3
209,4,0,1,3
209,6,1,1,3
210,4,0,1,3
210,6,0,1,3
211,4,0,1,3
211,6,0,1,3
212,4,0,1,3
212,6,0,1,3
214,4,0,1,3
214,6,0,1,3
216,4,0,1,3
216,6,0,1,3
217,4,0,1,3
217,6,0,1,3
218,4,0,1,3
218,6,0,1,3
219,4,0,1,3
219,6,0,1,3
222,4,0,1,3
222,6,0,1,3
223,4,0,1,3
223,6,1,1,3
224,4,0,1,3
224,6,0,1,3
225,4,0,1,3
225,6,0,1,3
226,4,0,1,3
226,6,0,1,3
227,4,0,1,3
227,6,0,1,3
228,4,0,1,3
228,6,0,1,3
229,4,0,1,3
229,6,0,1,3
230,4,0,1,3
230,6,0,1,3
232,4,1,1,3
232,6,1,1,3
233,4,0,1,3
233,6,1,1,3
235,4,0,1,3
235,6,0,1,3
236,4,0,1,3
236,6,0,1,3
237,4,0,1,3
237,6,0,1,3
238,4,1,1,3
238,6,0,1,3
240,4,0,1,3
240,6,0,1,3
241,4,0,1,3
241,6,0,1,3
242,4,0,1,3
242,6,0,1,3
243,4,0,1,3
243,6,0,1,3
244,4,0,1,3
244,6,0,1,3
245,4,0,1,3
245,6,0,1,3
247,4,0,1,3
247,6,0,1,3
248,4,0,1,3
248,6,0,1,3
250,4,0,1,3
250,6,1,1,3
251,4,0,1,3
251,6,0,1,3
253,4,0,1,3
253,6,0,1,3
255,4,0,1,3
255,6,0,1,3
256,4,0,1,3
256,6,0,1,3
257,4,0,1,3
257,6,0,1,3
258,4,0,1,3
258,6,0,1,3
259,4,0,1,3
259,6,0,1,3
260,4,0,1,3
260,6,0,1,3
263,4,1,1,3
263,6,1,1,3
264,4,0,1,3
264,6,0,1,3
265,4,0,1,3
265,6,0,1,3
266,4,0,1,3
266,6,0,1,3
267,4,0,1,3
267,6,0,1,3
270,4,1,1,3
270,6,0,1,3
271,4,0,1,3
271,6,0,1,3
272,4,0,1,3
272,6,0,1,3
273,4,0,1,3
273,6,0,1,3
275,4,0,1,3
275,6,0,1,3
276,4,0,1,3
276,6,0,1,3
280,4,0,1,3
280,6,0,1,3
281,4,0,1,3
281,6,0,1,3
282,4,1,1,3
282,6,0,1,3
283,4,0,1,3
283,6,0,1,3
285,4,0,1,3
285,6,0,1,3
286,4,1,1,3
286,6,1,1,3
287,4,0,1,3
287,6,0,1,3
292,4,0,1,3
292,6,0,1,3
294,4,0,1,3
294,6,0,1,3
295,4,0,1,3
295,6,0,1,3
296,4,0,1,3
296,6,0,1,3
297,4,0,1,3
297,6,0,1,3
298,4,1,1,3
298,6,1,1,3
299,4,0,1,3
299,6,0,1,3
300,4,1,1,3
300,6,1,1,3
302,4,0,1,3
302,6,0,1,3
304,4,1,1,3
304,6,0,1,3
305,4,0,1,3
305,6,0,1,3
306,4,0,1,3
306,6,0,1,3
307,4,0,1,3
307,6,0,1,3
310,4,1,1,3
310,6,0,1,3
311,4,0,1,3
311,6,0,1,3
312,4,0,1,3
312,6,0,1,3
313,4,0,1,3
313,6,0,1,3
314,4,0,1,3
314,6,0,1,3
315,4,0,1,3
315,6,0,1,3
317,4,0,1,3
317,6,0,1,3
318,4,0,1,3
318,6,0,1,3
319,4,0,1,3
319,6,1,1,3
320,4,0,1,3
320,6,0,1,3
321,4,0,1,3
321,6,0,1,3
322,4,0,1,3
322,6,0,1,3
323,4,0,1,3
323,6,0,1,3
324,4,1,1,3
324,6,1,1,3
325,4,0,1,3
325,6,0,1,3
326,4,1,1,3
326,6,1,1,3
328,4,1,1,3
328,6,0,1,3
329,4,1,1,3
329,6,0,1,3
330,4,0,1,3
330,6,0,1,3
331,4,1,1,3
331,6,1,1,3
333,4,0,1,3
333,6,0,1,3
334,4,1,1,3
334,6,1,1,3
335,4,0,1,3
335,6,0,1,3
337,4,0,1,3
337,6,0,1,3
339,4,0,1,3
339,6,0,1,3
340,4,1,1,3
340,6,1,1,3
342,4,0,1,3
342,6,0,1,3
343,4,0,1,3
343,6,0,1,3
344,4,0,1,3
344,6,0,1,3
346,4,1,1,3
346,6,0,1,3
347,4,0,1,3
347,6,0,1,3
348,4,0,1,3
348,6,0,1,3
349,4,0,1,3
349,6,1,1,3
350,4,1,1,3
350,6,1,1,3
353,4,0,1,3
353,6,0,1,3
354,4,0,1,3
354,6,0,1,3
357,4,0,1,3
357,6,0,1,3
358,4,1,1,3
358,6,1,1,3
359,4,0,1,3
359,6,1,1,3
360,4,0,1,3
360,6,1,1,3
361,4,0,1,3
361,6,1,1,3
362,4,0,1,3
362,6,0,1,3
364,4,0,1,3
364,6,0,1,3
365,4,0,1,3
365,6,0,1,3
366,4,0,1,3
366,6,1,1,3
367,4,0,1,3
367,6,0,1,3
369,4,0,1,3
369,6,0,1,3
370,4,0,1,3
370,6,1,1,3
371,4,0,1,3
371,6,1,1,3
374,4,0,1,3
374,6,0,1,3
376,4,0,1,3
376,6,0,1,3
377,4,0,1,3
377,6,0,1,3
378,4,0,1,3
378,6,0,1,3
380,4,1,1,3
380,6,0,1,3
381,4,0,1,3
381,6,0,1,3
382,4,0,1,3
382,6,0,1,3
383,4,0,1,3
383,6,0,1,3
385,4,0,1,3
385,6,0,1,3
386,4,1,1,3
386,6,1,1,3
387,4,1,1,3
387,6,0,1,3
388,4,0,1,3
388,6,1,1,3
389,4,1,1,3
389,6,0,1,3
390,4,1,1,3
390,6,0,1,3
391,4,1,1,3
391,6,1,1,3
392,4,1,1,3
392,6,0,1,3
394,4,1,1,3
394,6,1,1,3
395,4,0,1,3
395,6,1,1,3
396,4,0,1,3
396,6,0,1,3
397,4,0,1,3
397,6,0,1,3
398,4,1,1,3
398,6,0,1,3
402,4,1,1,3
402,6,0,1,3
403,4,0,1,3
403,6,0,1,3
406,4,0,1,3
406,6,0,1,3
407,4,0,1,3
407,6,0,1,3
408,4,0,1,3
408,6,1,1,3
409,4,0,1,3
409,6,0,1,3
410,4,0,1,3
410,6,0,1,3
411,4,0,1,3
411,6,0,1,3
412,4,0,1,3
412,6,0,1,3
413,4,0,1,3
413,6,0,1,3
414,4,0,1,3
414,6,0,1,3
415,4,0,1,3
415,6,0,1,3
416,4,1,1,3
416,6,0,1,3
418,4,0,1,3
418,6,0,1,3
419,4,0,1,3
419,6,0,1,3
422,4,0,1,3
422,6,0,1,3
424,4,0,1,3
424,6,0,1,3
426,4,0,1,3
426,6,0,1,3
427,4,0,1,3
427,6,0,1,3
428,4,0,1,3
428,6,0,1,3
430,4,0,1,3
430,6,1,1,3
431,4,0,1,3
431,6,0,1,3
432,4,0,1,3
432,6,0,1,3
436,4,0,1,3
436,6,0,1,3
437,4,0,1,3
437,6,0,1,3
440,4,0,1,3
440,6,0,1,3
441,4,1,1,3
441,6,0,1,3
442,4,0,1,3
442,6,0,1,3
443,4,1,1,3
443,6,1,1,3
444,4,1,1,3
444,6,1,1,3
445,4,0,1,3
445,6,0,1,3
448,4,0,1,3
448,6,0,1,3
449,4,0,1,3
449,6,0,1,3
450,4,0,1,3
450,6,1,1,3
451,4,0,1,3
451,6,0,1,3
452,4,0,1,3
452,6,0,1,3
453,4,0,1,3
453,6,0,1,3
454,4,0,1,3
454,6,1,1,3
455,4,1,1,3
455,6,1,1,3
457,4,0,1,3
457,6,0,1,3
458,4,0,1,3
458,6,0,1,3
459,4,1,1,3
459,6,1,1,3
460,4,0,1,3
460,6,0,1,3
461,4,0,1,3
461,6,0,1,3
462,4,0,1,3
462,6,0,1,3
463,4,0,1,3
463,6,0,1,3
464,4,0,1,3
464,6,0,1,3
465,4,0,1,3
465,6,0,1,3
467,4,0,1,3
467,6,1,1,3
468,4,0,1,3
468,6,0,1,3
469,4,0,1,3
469,6,0,1,3
470,4,0,1,3
470,6,0,1,3
471,4,0,1,3
471,6,1,1,3
473,4,0,1,3
473,6,0,1,3
474,4,0,1,3
474,6,0,1,3
476,4,0,1,3
476,6,0,1,3
477,4,0,1,3
477,6,0,1,3
478,4,0,1,3
478,6,0,1,3
479,4,0,1,3
479,6,0,1,3
480,4,0,1,3
480,6,0,1,3
481,4,1,1,3
481,6,0,1,3
483,4,1,1,3
483,6,1,1,3
485,4,0,1,3
485,6,0,1,3
486,4,0,1,3
486,6,0,1,3
487,4,0,1,3
487,6,0,1,3
488,4,0,1,3
488,6,0,1,3
489,4,0,1,3
489,6,0,1,3
490,4,0,1,3
490,6,0,1,3
491,4,0,1,3
491,6,0,1,3
494,4,1,1,3
494,6,1,1,3
495,4,0,1,3
495,6,0,1,3
496,4,0,1,3
496,6,0,1,3
497,4,0,1,3
497,6,0,1,3
498,4,0,1,3
498,6,0,1,3
499,4,0,1,3
499,6,0,1,3
500,4,0,1,3
500,6,0,1,3
501,4,0,1,3
501,6,0,1,3
504,4,1,1,3
504,6,0,1,3
505,4,0,1,3
505,6,0,1,3
507,4,0,1,3
507,6,0,1,3
509,4,0,1,3
509,6,0,1,3
510,4,1,1,3
510,6,1,1,3
512,4,1,1,3
512,6,0,1,3
514,4,0,1,3
514,6,0,1,3
515,4,0,1,3
515,6,0,1,3
516,4,0,1,3
516,6,0,1,3
518,4,0,1,3
518,6,0,1,3
520,4,0,1,3
520,6,0,1,3
521,4,0,1,3
521,6,0,1,3
522,4,0,1,3
522,6,0,1,3
523,4,0,1,3
523,6,1,1,3
525,4,0,1,3
525,6,0,1,3
526,4,0,1,3
526,6,0,1,3
527,4,0,1,3
527,6,0,1,3
528,4,0,1,3
528,6,1,1,3
529,4,0,1,3
529,6,1,1,3
530,4,0,1,3
530,6,0,1,3
531,4,0,1,3
531,6,0,1,3
532,4,1,1,3
532,6,1,1,3
533,4,0,1,3
533,6,1,1,3
535,4,1,1,3
535,6,0,1,3
536,4,0,1,3
536,6,0,1,3
537,4,0,1,3
537,6,0,1,3
538,4,0,1,3
538,6,0,1,3
539,4,0,1,3
539,6,0,1,3
540,4,0,1,3
540,6,0,1,3
541,4,0,1,3
541,6,0,1,3
542,4,0,1,3
542,6,0,1,3
544,4,0,1,3
544,6,0,1,3
545,4,0,1,3
545,6,0,1,3
547,4,1,1,3
547,6,0,1,3
548,4,0,1,3
548,6,0,1,3
549,4,0,1,3
549,6,0,1,3
550,4,0,1,3
550,6,0,1,3
551,4,0,1,3
551,6,0,1,3
553,4,0,1,3
553,6,0,1,3
554,4,0,1,3
554,6,0,1,3
555,4,0,1,3
555,6,0,1,3
556,4,0,1,3
556,6,0,1,3
559,4,1,1,3
559,6,1,1,3
560,4,0,1,3
560,6,0,1,3
561,4,0,1,3
561,6,1,1,3
562,4,1,1,3
562,6,1,1,3
563,4,0,1,3
563,6,0,1,3
564,4,0,1,3
564,6,0,1,3
565,4,0,1,3
565,6,0,1,3
566,4,0,1,3
566,6,1,1,3
567,4,0,1,3
567,6,0,1,3
568,4,0,1,3
568,6,0,1,3
569,4,0,1,3
569,6,0,1,3
570,4,0,1,3
570,6,0,1,3
571,4,0,1,3
571,6,0,1,3
572,4,0,1,3
572,6,0,1,3
573,4,0,1,3
573,6,0,1,3
574,4,0,1,3
574,6,0,1,3
575,4,0,1,3
575,6,0,1,3
576,4,0,1,3
576,6,0,1,3
577,4,0,1,3
577,6,0,1,3
580,4,1,1,3
580,6,1,1,3
581,4,0,1,3
581,6,0,1,3
583,4,0,1,3
583,6,0,1,3
585,4,0,1,3
585,6,0,1,3
586,4,0,1,3
586,6,0,1,3
587,4,0,1,3
587,6,0,1,3
588,4,0,1,3
588,6,0,1,3
589,4,0,1,3
589,6,1,1,3
590,4,0,1,3
590,6,0,1,3
591,4,0,1,3
591,6,0,1,3
593,4,0,1,3
593,6,0,1,3
594,4,0,1,3
594,6,0,1,3
595,4,1,1,3
595,6,0,1,3
596,4,0,1,3
596,6,0,1,3
597,4,0,1,3
597,6,0,1,3
598,4,0,1,3
598,6,0,1,3
599,4,1,1,3
599,6,0,1,3
600,4,0,1,3
600,6,0,1,3
601,4,0,1,3
601,6,0,1,3
602,4,0,1,3
602,6,0,1,3
603,4,0,1,3
603,6,0,1,3
604,4,0,1,3
604,6,0,1,3
606,4,0,1,3
606,6,0,1,3
607,4,0,1,3
607,6,0,1,3
608,4,0,1,3
608,6,0,1,3
609,4,0,1,3
609,6,0,1,3
610,4,0,1,3
610,6,0,1,3
612,4,0,1,3
612,6,1,1,3
613,4,0,1,3
613,6,0,1,3
615,4,0,1,3
615,6,0,1,3
616,4,0,1,3
616,6,0,1,3
617,4,0,1,3
617,6,0,1,3
618,4,0,1,3
618,6,0,1,3
619,4,0,1,3
619,6,0,1,3
621,4,0,1,3
621,6,0,1,3
623,4,0,1,3
623,6,0,1,3
625,4,0,1,3
625,6,0,1,3
626,4,0,1,3
626,6,1,1,3
627,4,0,1,3
627,6,0,1,3
628,4,0,1,3
628,6,0,1,3
629,4,0,1,3
629,6,0,1,3
630,4,1,1,3
630,6,0,1,3
631,4,0,1,3
631,6,0,1,3
632,4,1,1,3
632,6,1,1,3
633,4,0,1,3
633,6,0,1,3
635,4,1,1,3
635,6,1,1,3
636,4,0,1,3
636,6,0,1,3
637,4,0,1,3
637,6,0,1,3
638,4,0,1,3
638,6,0,1,3
639,4,0,1,3
639,6,0,1,3
640,4,0,1,3
640,6,0,1,3
641,4,1,1,3
641,6,0,1,3
642,4,0,1,3
642,6,1,1,3
643,4,0,1,3
643,6,1,1,3
644,4,0,1,3
644,6,0,1,3
646,4,1,1,3
646,6,1,1,3
647,4,0,1,3
647,6,0,1,3
649,4,0,1,3
649,6,0,1,3
650,4,0,1,3
650,6,0,1,3
652,4,0,1,3
652,6,0,1,3
653,4,0,1,3
653,6,0,1,3
654,4,0,1,3
654,6,0,1,3
657,4,0,1,3
657,6,1,1,3
658,4,1,1,3
658,6,1,1,3
659,4,0,1,3
659,6,0,1,3
661,4,0,1,3
661,6,0,1,3
662,4,0,1,3
662,6,0,1,3
663,4,0,1,3
663,6,0,1,3
664,4,0,1,3
664,6,0,1,3
666,4,0,1,3
666,6,0,1,3
669,4,1,1,3
669,6,0,1,3
670,4,1,1,3
670,6,1,1,3
671,4,0,1,3
671,6,0,1,3
672,4,0,1,3
672,6,0,1,3
675,4,0,1,3
675,6,0,1,3
678,4,0,1,3
678,6,0,1,3
679,4,0,1,3
679,6,1,1,3
680,4,0,1,3
680,6,0,1,3
681,4,0,1,3
681,6,0,1,3
683,4,0,1,3
683,6,0,1,3
684,4,0,1,3
684,6,0,1,3
685,4,0,1,3
685,6,0,1,3
687,4,0,1,3
687,6,0,1,3
688,4,0,1,3
688,6,0,1,3
690,4,0,1,3
690,6,0,1,3
691,4,1,1,3
691,6,0,1,3
692,4,0,1,3
692,6,0,1,3
693,4,1,1,3
693,6,0,1,3
694,4,0,1,3
694,6,0,1,3
695,4,0,1,3
695,6,1,1,3
696,4,0,1,3
696,6,0,1,3
697,4,0,1,3
697,6,0,1,3
698,4,0,1,3
698,6,0,1,3
699,4,0,1,3
699,6,0,1,3
700,4,1,1,3
700,6,1,1,3
701,4,0,1,3
701,6,0,1,3
702,4,0,1,3
702,6,1,1,3
703,4,0,1,3
703,6,0,1,3
704,4,0,1,3
704,6,0,1,3
705,4,0,1,3
705,6,0,1,3
706,4,1,1,3
706,6,1,1,3
708,4,0,1,3
708,6,0,1,3
709,4,0,1,3
709,6,0,1,3
710,4,0,1,3
710,6,0,1,3
711,4,0,1,3
711,6,0,1,3
712,4,0,1,3
712,6,0,1,3
714,4,0,1,3
714,6,0,1,3
715,4,0,1,3
715,6,0,1,3
716,4,1,1,3
716,6,1,1,3
720,4,1,1,3
720,6,1,1,3
721,4,1,1,3
721,6,1,1,3
722,4,0,1,3
722,6,0,1,3
723,4,0,1,3
723,6,0,1,3
724,4,0,1,3
724,6,0,1,3
726,4,0,1,3
726,6,0,1,3
727,4,0,1,3
727,6,0,1,3
728,4,0,1,3
728,6,0,1,3
729,4,0,1,3
729,6,0,1,3
730,4,0,1,3
730,6,0,1,3
731,4,0,1,3
731,6,0,1,3
732,4,0,1,3
732,6,1,1,3
735,4,0,1,3
735,6,0,1,3
738,4,0,1,3
738,6,0,1,3
739,4,0,1,3
739,6,0,1,3
740,4,0,1,3
740,6,0,1,3
741,4,0,1,3
741,6,0,1,3
742,4,0,1,3
742,6,0,1,3
744,4,0,1,3
744,6,0,1,3
745,4,0,1,3
745,6,0,1,3
747,4,0,1,3
747,6,1,1,3
748,4,1,1,3
748,6,1,1,3
749,4,0,1,3
749,6,0,1,3
750,4,0,1,3
750,6,0,1,3
751,4,0,1,3
751,6,0,1,3
752,4,0,1,3
752,6,0,1,3
754,4,1,1,3
754,6,1,1,3
755,4,0,1,3
755,6,1,1,3
756,4,0,1,3
756,6,0,1,3
757,4,0,1,3
757,6,0,1,3
759,4,0,1,3
759,6,0,1,3
762,4,0,1,3
762,6,0,1,3
764,4,0,1,3
764,6,0,1,3
766,4,0,1,3
766,6,0,1,3
767,4,0,1,3
767,6,0,1,3
768,4,0,1,3
768,6,1,1,3
770,4,0,1,3
770,6,0,1,3
771,4,0,1,3
771,6,0,1,3
772,4,0,1,3
772,6,1,1,3
773,4,0,1,3
773,6,0,1,3
775,4,1,1,3
775,6,1,1,3
776,4,0,1,3
776,6,0,1,3
777,4,0,1,3
777,6,0,1,3
778,4,0,1,3
778,6,0,1,3
1,1,0,3,1
1,2,0,3,1
1,5,0,3,1
2,1,0,3,1
2,2,0,3,1
2,5,1,3,1
3,1,0,3,1
3,2,1,3,1
3,5,1,3,1
4,1,0,3,1
4,2,0,3,1
4,5,0,3,1
6,1,0,3,1
6,2,0,3,1
6,5,0,3,1
10,1,0,3,1
10,2,0,3,1
10,5,1,3,1
11,1,0,3,1
11,2,0,3,1
11,5,1,3,1
12,1,1,3,1
12,2,0,3,1
12,5,0,3,1
13,1,0,3,1
13,2,0,3,1
13,5,1,3,1
14,1,1,3,1
14,2,1,3,1
14,5,1,3,1
15,1,0,3,1
15,2,0,3,1
15,5,1,3,1
16,1,0,3,1
16,2,0,3,1
16,5,1,3,1
17,1,0,3,1
17,2,0,3,1
17,5,1,3,1
18,1,0,3,1
18,2,0,3,1
18,5,0,3,1
19,1,1,3,1
19,2,1,3,1
19,5,1,3,1
21,1,0,3,1
21,2,0,3,1
21,5,0,3,1
22,1,0,3,1
22,2,0,3,1
22,5,0,3,1
24,1,0,3,1
24,2,1,3,1
24,5,1,3,1
25,1,0,3,1
25,2,0,3,1
25,5,1,3,1
29,1,0,3,1
29,2,0,3,1
29,5,1,3,1
30,1,1,3,1
30,2,1,3,1
30,5,0,3,1
31,1,0,3,1
31,2,0,3,1
31,5,1,3,1
32,1,0,3,1
32,2,0,3,1
32,5,1,3,1
34,1,0,3,1
34,2,0,3,1
34,5,0,3,1
35,1,1,3,1
35,2,1,3,1
35,5,1,3,1
37,1,1,3,1
37,2,1,3,1
37,5,1,3,1
38,1,1,3,1
38,2,1,3,1
38,5,1,3,1
40,1,1,3,1
40,2,0,3,1
40,5,1,3,1
41,1,1,3,1
41,2,1,3,1
41,5,1,3,1
42,1,0,3,1
42,2,0,3,1
42,5,1,3,1
43,1,1,3,1
43,2,1,3,1
43,5,1,3,1
44,1,1,3,1
44,2,1,3,1
44,5,1,3,1
45,1,0,3,1
45,2,0,3,1
45,5,0,3,1
46,1,0,3,1
46,2,0,3,1
46,5,1,3,1
47,1,0,3,1
47,2,0,3,1
47,5,1,3,1
49,1,0,3,1
49,2,0,3,1
49,5,0,3,1
50,1,1,3,1
50,2,0,3,1
50,5,0,3,1
51,1,0,3,1
51,2,0,3,1
51,5,1,3,1
52,1,0,3,1
52,2,0,3,1
52,5,0,3,1
53,1,0,3,1
53,2,0,3,1
53,5,1,3,1
54,1,0,3,1
54,2,0,3,1
54,5,1,3,1
55,1,0,3,1
55,2,0,3,1
55,5,1,3,1
57,1,0,3,1
57,2,0,3,1
57,5,1,3,1
58,1,0,3,1
58,2,0,3,1
58,5,0,3,1
59,1,1,3,1
59,2,1,3,1
59,5,1,3,1
61,1,0,3,1
61,2,0,3,1
61,5,1,3,1
64,1,0,3,1
64,2,0,3,1
64,5,0,3,1
65,1,0,3,1
65,2,0,3,1
65,5,1,3,1
66,1,1,3,1
66,2,1,3,1
66,5,1,3,1
67,1,0,3,1
67,2,1,3,1
67,5,1,3,1
68,1,0,3,1
68,2,0,3,1
68,5,1,3,1
69,1,0,3,1
69,2,0,3,1
69,5,1,3,1
70,1,0,3,1
70,2,1,3,1
70,5,1,3,1
71,1,0,3,1
71,2,0,3,1
71,5,1,3,1
73,1,0,3,1
73,2,0,3,1
73,5,1,3,1
74,1,1,3,1
74,2,1,3,1
74,5,1,3,1
76,1,0,3,1
76,2,0,3,1
76,5,0,3,1
79,1,0,3,1
79,2,0,3,1
79,5,1,3,1
80,1,0,3,1
80,2,0,3,1
80,5,0,3,1
81,1,1,3,1
81,2,1,3,1
81,5,1,3,1
82,1,0,3,1
82,2,0,3,1
82,5,1,3,1
83,1,0,3,1
83,2,0,3,1
83,5,1,3,1
84,1,0,3,1
84,2,0,3,1
84,5,0,3,1
87,1,1,3,1
87,2,1,3,1
87,5,1,3,1
88,1,1,3,1
88,2,1,3,1
88,5,1,3,1
89,1,0,3,1
89,2,0,3,1
89,5,1,3,1
90,1,1,3,1
90,2,0,3,1
90,5,1,3,1
91,1,1,3,1
91,2,1,3,1
91,5,1,3,1
92,1,0,3,1
92,2,0,3,1
92,5,0,3,1
93,1,1,3,1
93,2,1,3,1
93,5,1,3,1
94,1,0,3,1
94,2,0,3,1
94,5,1,3,1
96,1,0,3,1
96,2,0,3,1
96,5,0,3,1
97,1,0,3,1
97,2,0,3,1
97,5,1,3,1
98,1,0,3,1
98,2,0,3,1
98,5,1,3,1
99,1,0,3,1
99,2,0,3,1
99,5,0,3,1
100,1,0,3,1
100,2,0,3,1
100,5,0,3,1
101,1,0,3,1
101,2,0,3,1
101,5,0,3,1
102,1,0,3,1
102,2,0,3,1
102,5,1,3,1
103,1,1,3,1
103,2,1,3,1
103,5,1,3,1
104,1,0,3,1
104,2,0,3,1
104,5,0,3,1
105,1,1,3,1
105,2,1,3,1
105,5,1,3,1
106,1,0,3,1
106,2,1,3,1
106,5,0,3,1
107,1,0,3,1
107,2,0,3,1
107,5,0,3,1
108,1,0,3,1
108,2,0,3,1
108,5,0,3,1
112,1,0,3,1
112,2,0,3,1
112,5,0,3,1
113,1,1,3,1
113,2,1,3,1
113,5,1,3,1
116,1,0,3,1
116,2,0,3,1
116,5,0,3,1
117,1,0,3,1
117,2,0,3,1
117,5,1,3,1
118,1,1,3,1
118,2,0,3,1
118,5,0,3,1
119,1,0,3,1
119,2,0,3,1
119,5,0,3,1
120,1,0,3,1
120,2,1,3,1
120,5,1,3,1
121,1,0,3,1
121,2,0,3,1
121,5,0,3,1
124,1,0,3,1
124,2,1,3,1
124,5,1,3,1
125,1,1,3,1
125,2,0,3,1
125,5,1,3,1
127,1,0,3,1
127,2,0,3,1
127,5,1,3,1
128,1,0,3,1
128,2,0,3,1
128,5,1,3,1
129,1,0,3,1
129,2,0,3,1
129,5,1,3,1
130,1,0,3,1
130,2,0,3,1
130,5,0,3,1
131,1,1,3,1
131,2,1,3,1
131,5,1,3,1
132,1,0,3,1
132,2,0,3,1
132,5,0,3,1
133,1,1,3,1
133,2,1,3,1
133,5,1,3,1
134,1,1,3,1
134,2,1,3,1
134,5,1,3,1
136,1,0,3,1
136,2,0,3,1
136,5,1,3,1
137,1,1,3,1
137,2,1,3,1
137,5,1,3,1
138,1,1,3,1
138,2,1,3,1
138,5,1,3,1
139,1,0,3,1
139,2,1,3,1
139,5,1,3,1
140,1,0,3,1
140,2,0,3,1
140,5,1,3,1
141,1,0,3,1
141,2,0,3,1
141,5,0,3,1
142,1,0,3,1
142,2,0,3,1
142,5,1,3,1
143,1,1,3,1
143,2,1,3,1
143,5,1,3,1
144,1,1,3,1
144,2,0,3,1
144,5,1,3,1
145,1,0,3,1
145,2,0,3,1
145,5,1,3,1
146,1,0,3,1
146,2,0,3,1
146,5,1,3,1
148,1,0,3,1
148,2,0,3,1
148,5,0,3,1
149,1,1,3,1
149,2,1,3,1
149,5,1,3,1
150,1,1,3,1
150,2,1,3,1
150,5,1,3,1
151,1,1,3,1
151,2,1,3,1
151,5,1,3,1
153,1,1,3,1
153,2,1,3,1
153,5,1,3,1
154,1,0,3,1
154,2,0,3,1
154,5,1,3,1
155,1,1,3,1
155,2,1,3,1
155,5,1,3,1
156,1,1,3,1
156,2,1,3,1
156,5,1,3,1
157,1,0,3,1
157,2,0,3,1
157,5,1,3,1
158,1,0,3,1
158,2,0,3,1
158,5,1,3,1
160,1,1,3,1
160,2,0,3,1
160,5,0,3,1
161,1,0,3,1
161,2,0,3,1
161,5,0,3,1
162,1,0,3,1
162,2,0,3,1
162,5,1,3,1
163,1,1,3,1
163,2,1,3,1
163,5,1,3,1
164,1,1,3,1
164,2,0,3,1
164,5,1,3,1
165,1,1,3,1
165,2,1,3,1
165,5,1,3,1
166,1,0,3,1
166,2,0,3,1
166,5,1,3,1
167,1,0,3,1
167,2,0,3,1
167,5,0,3,1
170,1,0,3,1
170,2,0,3,1
170,5,1,3,1
171,1,0,3,1
171,2,0,3,1
171,5,1,3,1
172,1,0,3,1
172,2,0,3,1
172,5,0,3,1
173,1,0,3,1
173,2,1,3,1
173,5,1,3,1
176,1,0,3,1
176,2,1,3,1
176,5,1,3,1
178,1,0,3,1
178,2,0,3,1
178,5,1,3,1
181,1,1,3,1
181,2,1,3,1
181,5,1,3,1
182,1,1,3,1
182,2,1,3,1
182,5,1,3,1
183,1,1,3,1
183,2,1,3,1
183,5,1,3,1
185,1,0,3,1
185,2,0,3,1
185,5,1,3,1
186,1,1,3,1
186,2,1,3,1
186,5,1,3,1
187,1,1,3,1
187,2,1,3,1
187,5,1,3,1
188,1,0,3,1
188,2,0,3,1
188,5,1,3,1
189,1,0,3,1
189,2,0,3,1
189,5,1,3,1
190,1,0,3,1
190,2,0,3,1
190,5,0,3,1
191,1,1,3,1
191,2,1,3,1
191,5,1,3,1
192,1,1,3,1
192,2,1,3,1
192,5,0,3,1
193,1,1,3,1
193,2,1,3,1
193,5,1,3,1
194,1,0,3,1
194,2,0,3,1
194,5,1,3,1
195,1,0,3,1
195,2,0,3,1
195,5,0,3,1
196,1,0,3,1
196,2,0,3,1
196,5,1,3,1
197,1,0,3,1
197,2,0,3,1
197,5,1,3,1
198,1,0,3,1
198,2,0,3,1
198,5,1,3,1
199,1,1,3,1
199,2,1,3,1
199,5,1,3,1
200,1,0,3,1
200,2,0,3,1
200,5,0,3,1
203,1,0,3,1
203,2,0,3,1
203,5,1,3,1
204,1,0,3,1
204,2,0,3,1
204,5,1,3,1
205,1,0,3,1
205,2,0,3,1
205,5,1,3,1
207,1,0,3,1
207,2,0,3,1
207,5,1,3,1
209,1,0,3,1
209,2,1,3,1
209,5,1,3,1
210,1,0,3,1
210,2,0,3,1
210,5,1,3,1
211,1,0,3,1
211,2,1,3,1
211,5,1,3,1
212,1,0,3,1
212,2,0,3,1
212,5,1,3,1
214,1,1,3,1
214,2,1,3,1
214,5,1,3,1
216,1,0,3,1
216,2,0,3,1
216,5,1,3,1
217,1,1,3,1
217,2,0,3,1
217,5,1,3,1
218,1,1,3,1
218,2,1,3,1
218,5,1,3,1
219,1,1,3,1
219,2,1,3,1
219,5,1,3,1
222,1,1,3,1
222,2,1,3,1
222,5,1,3,1
223,1,1,3,1
223,2,0,3,1
223,5,1,3,1
224,1,0,3,1
224,2,0,3,1
224,5,1,3,1
225,1,0,3,1
225,2,1,3,1
225,5,1,3,1
226,1,1,3,1
226,2,1,3,1
226,5,1,3,1
227,1,1,3,1
227,2,1,3,1
227,5,1,3,1
228,1,0,3,1
228,2,0,3,1
228,5,1,3,1
229,1,0,3,1
229,2,0,3,1
229,5,1,3,1
230,1,0,3,1
230,2,0,3,1
230,5,0,3,1
232,1,0,3,1
232,2,0,3,1
232,5,0,3,1
233,1,1,3,1
233,2,0,3,1
233,5,1,3,1
235,1,0,3,1
235,2,0,3,1
235,5,1,3,1
236,1,0,3,1
236,2,0,3,1
236,5,1,3,1
237,1,0,3,1
237,2,0,3,1
237,5,1,3,1
238,1,0,3,1
238,2,0,3,1
238,5,1,3,1
240,1,1,3,1
240,2,1,3,1
240,5,1,3,1
241,1,1,3,1
241,2,0,3,1
241,5,1,3,1
242,1,1,3,1
242,2,1,3,1
242,5,1,3,1
243,1,1,3,1
243,2,1,3,1
243,5,1,3,1
244,1,0,3,1
244,2,1,3,1
244,5,1,3,1
245,1,0,3,1
245,2,0,3,1
245,5,1,3,1
247,1,0,3,1
247,2,0,3,1
247,5,1,3,1
248,1,0,3,1
248,2,0,3,1
248,5,1,3,1
250,1,0,3,1
250,2,0,3,1
250,5,0,3,1
251,1,0,3,1
251,2,1,3,1
251,5,1,3,1
253,1,0,3,1
253,2,0,3,1
253,5,1,3,1
255,1,0,3,1
255,2,0,3,1
255,5,1,3,1
256,1,0,3,1
256,2,0,3,1
256,5,1,3,1
257,1,0,3,1
257,2,0,3,1
257,5,1,3,1
258,1,0,3,1
258,2,0,3,1
258,5,1,3,1
259,1,0,3,1
259,2,0,3,1
259,5,1,3,1
260,1,0,3,1
260,2,0,3,1
260,5,1,3,1
263,1,0,3,1
263,2,0,3,1
263,5,0,3,1
264,1,0,3,1
264,2,0,3,1
264,5,1,3,1
265,1,1,3,1
265,2,1,3,1
265,5,1,3,1
266,1,1,3,1
266,2,1,3,1
266,5,1,3,1
267,1,0,3,1
267,2,0,3,1
267,5,1,3,1
270,1,0,3,1
270,2,0,3,1
270,5,0,3,1
271,1,0,3,1
271,2,0,3,1
271,5,1,3,1
272,1,1,3,1
272,2,1,3,1
272,5,1,3,1
273,1,1,3,1
273,2,1,3,1
273,5,1,3,1
275,1,1,3,1
275,2,1,3,1
275,5,1,3,1
276,1,1,3,1
276,2,1,3,1
276,5,1,3,1
280,1,0,3,1
280,2,0,3,1
280,5,1,3,1
281,1,0,3,1
281,2,0,3,1
281,5,1,3,1
282,1,1,3,1
282,2,0,3,1
282,5,0,3,1
283,1,1,3,1
283,2,1,3,1
283,5,1,3,1
285,1,0,3,1
285,2,0,3,1
285,5,1,3,1
286,1,0,3,1
286,2,0,3,1
286,5,0,3,1
287,1,0,3,1
287,2,0,3,1
287,5,1,3,1
292,1,0,3,1
292,2,0,3,1
292,5,0,3,1
294,1,1,3,1
294,2,1,3,1
294,5,1,3,1
295,1,1,3,1
295,2,1,3,1
295,5,1,3,1
296,1,0,3,1
296,2,0,3,1
296,5,1,3,1
297,1,0,3,1
297,2,0,3,1
297,5,1,3,1
298,1,0,3,1
298,2,0,3,1
298,5,0,3,1
299,1,1,3,1
299,2,0,3,1
299,5,1,3,1
300,1,0,3,1
300,2,0,3,1
300,5,0,3,1
302,1,1,3,1
302,2,1,3,1
302,5,1,3,1
304,1,0,3,1
304,2,0,3,1
304,5,0,3,1
305,1,1,3,1
305,2,1,3,1
305,5,1,3,1
306,1,0,3,1
306,2,0,3,1
306,5,0,3,1
307,1,0,3,1
307,2,0,3,1
307,5,1,3,1
310,1,0,3,1
310,2,0,3,1
310,5,0,3,1
311,1,1,3,1
311,2,1,3,1
311,5,1,3,1
312,1,0,3,1
312,2,0,3,1
312,5,1,3,1
313,1,1,3,1
313,2,1,3,1
313,5,1,3,1
314,1,1,3,1
314,2,1,3,1
314,5,1,3,1
315,1,0,3,1
315,2,0,3,1
315,5,1,3,1
317,1,0,3,1
317,2,0,3,1
317,5,1,3,1
318,1,0,3,1
318,2,0,3,1
318,5,1,3,1
319,1,0,3,1
319,2,0,3,1
319,5,0,3,1
320,1,1,3,1
320,2,1,3,1
320,5,0,3,1
321,1,0,3,1
321,2,0,3,1
321,5,1,3,1
322,1,0,3,1
322,2,0,3,1
322,5,1,3,1
323,1,1,3,1
323,2,1,3,1
323,5,1,3,1
324,1,0,3,1
324,2,0,3,1
324,5,0,3,1
325,1,0,3,1
325,2,0,3,1
325,5,1,3,1
326,1,0,3,1
326,2,0,3,1
326,5,0,3,1
328,1,0,3,1
328,2,0,3,1
328,5,0,3,1
329,1,1,3,1
329,2,1,3,1
329,5,1,3,1
330,1,0,3,1
330,2,0,3,1
330,5,1,3,1
331,1,0,3,1
331,2,0,3,1
331,5,0,3,1
333,1,1,3,1
333,2,1,3,1
333,5,1,3,1
334,1,0,3,1
334,2,0,3,1
334,5,0,3,1
335,1,0,3,1
335,2,0,3,1
335,5,1,3,1
337,1,1,3,1
337,2,1,3,1
337,5,1,3,1
339,1,0,3,1
339,2,1,3,1
339,5,1,3,1
340,1,0,3,1
340,2,0,3,1
340,5,0,3,1
342,1,0,3,1
342,2,0,3,1
342,5,0,3,1
343,1,0,3,1
343,2,0,3,1
343,5,1,3,1
344,1,0,3,1
344,2,0,3,1
344,5,1,3,1
346,1,0,3,1
346,2,0,3,1
346,5,0,3,1
347,1,0,3,1
347,2,0,3,1
347,5,1,3,1
348,1,0,3,1
348,2,0,3,1
348,5,1,3,1
349,1,0,3,1
349,2,0,3,1
349,5,0,3,1
350,1,0,3,1
350,2,0,3,1
350,5,1,3,1
353,1,0,3,1
353,2,0,3,1
353,5,1,3,1
354,1,1,3,1
354,2,1,3,1
354,5,1,3,1
357,1,1,3,1
357,2,1,3,1
357,5,1,3,1
358,1,0,3,1
358,2,0,3,1
358,5,0,3,1
359,1,0,3,1
359,2,0,3,1
359,5,1,3,1
360,1,0,3,1
360,2,0,3,1
360,5,0,3,1
361,1,0,3,1
361,2,0,3,1
361,5,1,3,1
362,1,0,3,1
362,2,0,3,1
362,5,1,3,1
364,1,0,3,1
364,2,0,3,1
364,5,1,3,1
365,1,0,3,1
365,2,0,3,1
365,5,1,3,1
366,1,0,3,1
366,2,0,3,1
366,5,0,3,1
367,1,0,3,1
367,2,0,3,1
367,5,1,3,1
369,1,0,3,1
369,2,0,3,1
369,5,1,3,1
370,1,0,3,1
370,2,0,3,1
370,5,1,3,1
371,1,0,3,1
371,2,0,3,1
371,5,0,3,1
374,1,1,3,1
374,2,1,3,1
374,5,1,3,1
376,1,0,3,1
376,2,0,3,1
376,5,1,3,1
377,1,0,3,1
377,2,0,3,1
377,5,1,3,1
378,1,0,3,1
378,2,0,3,1
378,5,1,3,1
380,1,1,3,1
380,2,0,3,1
380,5,0,3,1
381,1,0,3,1
381,2,0,3,1
381,5,1,3,1
382,1,0,3,1
382,2,1,3,1
382,5,1,3,1
383,1,1,3,1
383,2,1,3,1
383,5,1,3,1
385,1,1,3,1
385,2,1,3,1
385,5,1,3,1
386,1,0,3,1
386,2,0,3,1
386,5,0,3,1
387,1,0,3,1
387,2,0,3,1
387,5,0,3,1
388,1,0,3,1
388,2,0,3,1
388,5,0,3,1
389,1,0,3,1
389,2,0,3,1
389,5,0,3,1
390,1,1,3,1
390,2,1,3,1
390,5,0,3,1
391,1,1,3,1
391,2,0,3,1
391,5,0,3,1
392,1,0,3,1
392,2,0,3,1
392,5,0,3,1
394,1,0,3,1
394,2,0,3,1
394,5,1,3,1
395,1,0,3,1
395,2,0,3,1
395,5,0,3,1
396,1,1,3,1
396,2,1,3,1
396,5,1,3,1
397,1,1,3,1
397,2,1,3,1
397,5,1,3,1
398,1,0,3,1
398,2,0,3,1
398,5,0,3,1
402,1,0,3,1
402,2,0,3,1
402,5,0,3,1
403,1,1,3,1
403,2,1,3,1
403,5,1,3,1
406,1,1,3,1
406,2,1,3,1
406,5,0,3,1
407,1,0,3,1
407,2,0,3,1
407,5,1,3,1
408,1,0,3,1
408,2,0,3,1
408,5,1,3,1
409,1,1,3,1
409,2,1,3,1
409,5,1,3,1
410,1,1,3,1
410,2,1,3,1
410,5,1,3,1
411,1,0,3,1
411,2,0,3,1
411,5,1,3,1
412,1,0,3,1
412,2,1,3,1
412,5,1,3,1
413,1,0,3,1
413,2,1,3,1
413,5,1,3,1
414,1,1,3,1
414,2,1,3,1
414,5,1,3,1
415,1,0,3,1
415,2,0,3,1
415,5,1,3,1
416,1,0,3,1
416,2,0,3,1
416,5,0,3,1
418,1,1,3,1
418,2,0,3,1
418,5,1,3,1
419,1,1,3,1
419,2,1,3,1
419,5,1,3,1
422,1,0,3,1
422,2,0,3,1
422,5,1,3,1
424,1,0,3,1
424,2,0,3,1
424,5,1,3,1
426,1,0,3,1
426,2,0,3,1
426,5,1,3,1
427,1,1,3,1
427,2,1,3,1
427,5,0,3,1
428,1,0,3,1
428,2,0,3,1
428,5,1,3,1
430,1,1,3,1
430,2,1,3,1
430,5,1,3,1
431,1,0,3,1
431,2,0,3,1
431,5,1,3,1
432,1,0,3,1
432,2,0,3,1
432,5,0,3,1
436,1,1,3,1
436,2,1,3,1
436,5,0,3,1
437,1,1,3,1
437,2,1,3,1
437,5,1,3,1
440,1,0,3,1
440,2,0,3,1
440,5,1,3,1
441,1,0,3,1
441,2,0,3,1
441,5,0,3,1
442,1,1,3,1
442,2,1,3,1
442,5,1,3,1
443,1,0,3,1
443,2,0,3,1
443,5,0,3,1
444,1,0,3,1
444,2,0,3,1
444,5,0,3,1
445,1,0,3,1
445,2,1,3,1
445,5,1,3,1
448,1,1,3,1
448,2,1,3,1
448,5,1,3,1
449,1,0,3,1
449,2,0,3,1
449,5,1,3,1
450,1,0,3,1
450,2,0,3,1
450,5,1,3,1
451,1,0,3,1
451,2,0,3,1
451,5,1,3,1
452,1,0,3,1
452,2,0,3,1
452,5,1,3,1
453,1,1,3,1
453,2,0,3,1
453,5,1,3,1
454,1,0,3,1
454,2,0,3,1
454,5,0,3,1
455,1,1,3,1
455,2,1,3,1
455,5,0,3,1
457,1,1,3,1
457,2,1,3,1
457,5,1,3,1
458,1,0,3,1
458,2,0,3,1
458,5,1,3,1
459,1,0,3,1
459,2,0,3,1
459,5,0,3,1
460,1,1,3,1
460,2,1,3,1
460,5,1,3,1
461,1,1,3,1
461,2,1,3,1
461,5,1,3,1
462,1,1,3,1
462,2,1,3,1
462,5,1,3,1
463,1,0,3,1
463,2,1,3,1
463,5,1,3,1
464,1,0,3,1
464,2,0,3,1
464,5,0,3,1
465,1,1,3,1
465,2,1,3,1
465,5,1,3,1
467,1,0,3,1
467,2,0,3,1
467,5,1,3,1
468,1,0,3,1
468,2,0,3,1
468,5,0,3,1
469,1,0,3,1
469,2,0,3,1
469,5,1,3,1
470,1,0,3,1
470,2,0,3,1
470,5,1,3,1
471,1,0,3,1
471,2,0,3,1
471,5,0,3,1
473,1,0,3,1
473,2,0,3,1
473,5,1,3,1
474,1,1,3,1
474,2,1,3,1
474,5,1,3,1
476,1,1,3,1
476,2,0,3,1
476,5,1,3,1
477,1,1,3,1
477,2,1,3,1
477,5,1,3,1
478,1,0,3,1
478,2,1,3,1
478,5,1,3,1
479,1,0,3,1
479,2,0,3,1
479,5,1,3,1
480,1,0,3,1
480,2,0,3,1
480,5,1,3,1
481,1,0,3,1
481,2,0,3,1
481,5,0,3,1
483,1,0,3,1
483,2,0,3,1
483,5,0,3,1
485,1,1,3,1
485,2,1,3,1
485,5,0,3,1
486,1,1,3,1
486,2,1,3,1
486,5,1,3,1
487,1,0,3,1
487,2,0,3,1
487,5,0,3,1
488,1,0,3,1
488,2,0,3,1
488,5,1,3,1
489,1,1,3,1
489,2,1,3,1
489,5,1,3,1
490,1,0,3,1
490,2,0,3,1
490,5,1,3,1
491,1,1,3,1
491,2,1,3,1
491,5,1,3,1
494,1,0,3,1
494,2,0,3,1
494,5,0,3,1
495,1,0,3,1
495,2,0,3,1
495,5,1,3,1
496,1,1,3,1
496,2,1,3,1
496,5,1,3,1
497,1,1,3,1
497,2,1,3,1
497,5,1,3,1
498,1,0,3,1
498,2,0,3,1
498,5,1,3,1
499,1,0,3,1
499,2,0,3,1
499,5,1,3,1
500,1,0,3,1
500,2,1,3,1
500,5,1,3,1
501,1,0,3,1
501,2,0,3,1
501,5,0,3,1
504,1,0,3,1
504,2,0,3,1
504,5,0,3,1
505,1,0,3,1
505,2,0,3,1
505,5,1,3,1
507,1,1,3,1
507,2,1,3,1
507,5,1,3,1
509,1,1,3,1
509,2,0,3,1
509,5,1,3,1
510,1,0,3,1
510,2,0,3,1
510,5,0,3,1
512,1,0,3,1
512,2,0,3,1
512,5,1,3,1
514,1,1,3,1
514,2,0,3,1
514,5,1,3,1
515,1,0,3,1
515,2,0,3,1
515,5,1,3,1
516,1,0,3,1
516,2,1,3,1
516,5,1,3,1
518,1,0,3,1
518,2,0,3,1
518,5,1,3,1
520,1,1,3,1
520,2,1,3,1
520,5,1,3,1
521,1,0,3,1
521,2,0,3,1
521,5,1,3,1
522,1,1,3,1
522,2,1,3,1
522,5,1,3,1
523,1,0,3,1
523,2,0,3,1
523,5,0,3,1
525,1,0,3,1
525,2,0,3,1
525,5,1,3,1
526,1,0,3,1
526,2,0,3,1
526,5,1,3,1
527,1,0,3,1
527,2,0,3,1
527,5,1,3,1
528,1,0,3,1
528,2,1,3,1
528,5,1,3,1
529,1,0,3,1
529,2,0,3,1
529,5,1,3,1
530,1,0,3,1
530,2,0,3,1
530,5,1,3,1
531,1,0,3,1
531,2,0,3,1
531,5,1,3,1
532,1,0,3,1
532,2,0,3,1
532,5,0,3,1
533,1,0,3,1
533,2,1,3,1
533,5,1,3,1
535,1,0,3,1
535,2,0,3,1
535,5,0,3,1
536,1,0,3,1
536,2,0,3,1
536,5,1,3,1
537,1,0,3,1
537,2,0,3,1
537,5,1,3,1
538,1,0,3,1
538,2,0,3,1
538,5,1,3,1
539,1,0,3,1
539,2,1,3,1
539,5,1,3,1
540,1,0,3,1
540,2,0,3,1
540,5,1,3,1
541,1,1,3,1
541,2,1,3,1
541,5,1,3,1
542,1,1,3,1
542,2,1,3,1
542,5,1,3,1
544,1,1,3,1
544,2,1,3,1
544,5,1,3,1
545,1,0,3,1
545,2,0,3,1
545,5,1,3,1
547,1,0,3,1
547,2,1,3,1
547,5,0,3,1
548,1,1,3,1
548,2,1,3,1
548,5,0,3,1
549,1,0,3,1
549,2,0,3,1
549,5,1,3,1
550,1,0,3,1
550,2,0,3,1
550,5,1,3,1
551,1,0,3,1
551,2,0,3,1
551,5,0,3,1
553,1,0,3,1
553,2,1,3,1
553,5,1,3,1
554,1,0,3,1
554,2,0,3,1
554,5,1,3,1
555,1,0,3,1
555,2,0,3,1
555,5,1,3,1
556,1,1,3,1
556,2,1,3,1
556,5,1,3,1
559,1,0,3,1
559,2,1,3,1
559,5,1,3,1
560,1,0,3,1
560,2,0,3,1
560,5,1,3,1
561,1,0,3,1
561,2,0,3,1
561,5,0,3,1
562,1,1,3,1
562,2,1,3,1
562,5,1,3,1
563,1,1,3,1
563,2,1,3,1
563,5,1,3,1
564,1,0,3,1
564,2,0,3,1
564,5,1,3,1
565,1,0,3,1
565,2,1,3,1
565,5,1,3,1
566,1,0,3,1
566,2,0,3,1
566,5,0,3,1
567,1,0,3,1
567,2,0,3,1
567,5,1,3,1
568,1,0,3,1
568,2,0,3,1
568,5,0,3,1
569,1,1,3,1
569,2,1,3,1
569,5,0,3,1
570,1,0,3,1
570,2,0,3,1
570,5,1,3,1
571,1,0,3,1
571,2,0,3,1
571,5,1,3,1
572,1,0,3,1
572,2,0,3,1
572,5,1,3,1
573,1,1,3,1
573,2,1,3,1
573,5,1,3,1
574,1,0,3,1
574,2,1,3,1
574,5,1,3,1
575,1,0,3,1
575,2,1,3,1
575,5,1,3,1
576,1,0,3,1
576,2,0,3,1
576,5,1,3,1
577,1,1,3,1
577,2,1,3,1
577,5,1,3,1
580,1,0,3,1
580,2,0,3,1
580,5,0,3,1
581,1,1,3,1
581,2,1,3,1
581,5,1,3,1
583,1,0,3,1
583,2,1,3,1
583,5,1,3,1
585,1,0,3,1
585,2,0,3,1
585,5,1,3,1
586,1,0,3,1
586,2,0,3,1
586,5,1,3,1
587,1,0,3,1
587,2,0,3,1
587,5,1,3,1
588,1,0,3,1
588,2,0,3,1
588,5,1,3,1
589,1,0,3,1
589,2,0,3,1
589,5,1,3,1
590,1,0,3,1
590,2,1,3,1
590,5,1,3,1
591,1,0,3,1
591,2,0,3,1
591,5,1,3,1
593,1,0,3,1
593,2,1,3,1
593,5,1,3,1
594,1,0,3,1
594,2,0,3,1
594,5,1,3,1
595,1,0,3,1
595,2,0,3,1
595,5,0,3,1
596,1,0,3,1
596,2,0,3,1
596,5,1,3,1
597,1,1,3,1
597,2,1,3,1
597,5,1,3,1
598,1,1,3,1
598,2,0,3,1
598,5,0,3,1
599,1,1,3,1
599,2,0,3,1
599,5,0,3,1
600,1,0,3,1
600,2,0,3,1
600,5,1,3,1
601,1,0,3,1
601,2,1,3,1
601,5,1,3,1
602,1,0,3,1
602,2,1,3,1
602,5,0,3,1
603,1,0,3,1
603,2,0,3,1
603,5,1,3,1
604,1,0,3,1
604,2,0,3,1
604,5,1,3,1
606,1,0,3,1
606,2,0,3,1
606,5,1,3,1
607,1,0,3,1
607,2,0,3,1
607,5,1,3,1
608,1,1,3,1
608,2,0,3,1
608,5,1,3,1
609,1,1,3,1
609,2,1,3,1
609,5,1,3,1
610,1,0,3,1
610,2,0,3,1
610,5,0,3,1
612,1,0,3,1
612,2,0,3,1
612,5,0,3,1
613,1,1,3,1
613,2,1,3,1
613,5,1,3,1
615,1,1,3,1
615,2,1,3,1
615,5,1,3,1
616,1,0,3,1
616,2,0,3,1
616,5,1,3,1
617,1,1,3,1
617,2,1,3,1
617,5,1,3,1
618,1,0,3,1
618,2,0,3,1
618,5,1,3,1
619,1,0,3,1
619,2,0,3,1
619,5,1,3,1
621,1,0,3,1
621,2,0,3,1
621,5,1,3,1
623,1,0,3,1
623,2,0,3,1
623,5,1,3,1
625,1,1,3,1
625,2,1,3,1
625,5,1,3,1
626,1,0,3,1
626,2,1,3,1
626,5,1,3,1
627,1,0,3,1
627,2,0,3,1
627,5,1,3,1
628,1,0,3,1
628,2,0,3,1
628,5,1,3,1
629,1,1,3,1
629,2,1,3,1
629,5,1,3,1
630,1,0,3,1
630,2,0,3,1
630,5,1,3,1
631,1,0,3,1
631,2,0,3,1
631,5,1,3,1
632,1,0,3,1
632,2,0,3,1
632,5,0,3,1
633,1,1,3,1
633,2,0,3,1
633,5,1,3,1
635,1,1,3,1
635,2,0,3,1
635,5,0,3,1
636,1,0,3,1
636,2,0,3,1
636,5,1,3,1
637,1,0,3,1
637,2,0,3,1
637,5,0,3,1
638,1,0,3,1
638,2,0,3,1
638,5,1,3,1
639,1,0,3,1
639,2,0,3,1
639,5,1,3,1
640,1,0,3,1
640,2,0,3,1
640,5,0,3,1
641,1,0,3,1
641,2,0,3,1
641,5,0,3,1
642,1,0,3,1
642,2,0,3,1
642,5,0,3,1
643,1,0,3,1
643,2,1,3,1
643,5,1,3,1
644,1,1,3,1
644,2,1,3,1
644,5,1,3,1
646,1,0,3,1
646,2,0,3,1
646,5,0,3,1
647,1,1,3,1
647,2,0,3,1
647,5,1,3,1
649,1,0,3,1
649,2,0,3,1
649,5,1,3,1
650,1,0,3,1
650,2,0,3,1
650,5,1,3,1
652,1,1,3,1
652,2,1,3,1
652,5,1,3,1
653,1,0,3,1
653,2,0,3,1
653,5,1,3,1
654,1,0,3,1
654,2,0,3,1
654,5,1,3,1
657,1,0,3,1
657,2,0,3,1
657,5,1,3,1
658,1,0,3,1
658,2,0,3,1
658,5,1,3,1
659,1,0,3,1
659,2,0,3,1
659,5,1,3,1
661,1,0,3,1
661,2,0,3,1
661,5,1,3,1
662,1,0,3,1
662,2,0,3,1
662,5,1,3,1
663,1,0,3,1
663,2,0,3,1
663,5,1,3,1
664,1,1,3,1
664,2,1,3,1
664,5,1,3,1
666,1,0,3,1
666,2,0,3,1
666,5,1,3,1
669,1,1,3,1
669,2,1,3,1
669,5,1,3,1
670,1,0,3,1
670,2,0,3,1
670,5,0,3,1
671,1,0,3,1
671,2,0,3,1
671,5,1,3,1
672,1,0,3,1
672,2,0,3,1
672,5,1,3,1
675,1,0,3,1
675,2,0,3,1
675,5,1,3,1
678,1,0,3,1
678,2,0,3,1
678,5,1,3,1
679,1,0,3,1
679,2,0,3,1
679,5,0,3,1
680,1,1,3,1
680,2,1,3,1
680,5,1,3,1
681,1,1,3,1
681,2,1,3,1
681,5,1,3,1
683,1,1,3,1
683,2,1,3,1
683,5,1,3,1
684,1,0,3,1
684,2,0,3,1
684,5,1,3,1
685,1,1,3,1
685,2,1,3,1
685,5,1,3,1
687,1,0,3,1
687,2,1,3,1
687,5,1,3,1
688,1,1,3,1
688,2,0,3,1
688,5,1,3,1
690,1,0,3,1
690,2,0,3,1
690,5,1,3,1
691,1,0,3,1
691,2,0,3,1
691,5,0,3,1
692,1,0,3,1
692,2,0,3,1
692,5,1,3,1
693,1,0,3,1
693,2,0,3,1
693,5,1,3,1
694,1,0,3,1
694,2,0,3,1
694,5,1,3,1
695,1,1,3,1
695,2,0,3,1
695,5,1,3,1
696,1,0,3,1
696,2,0,3,1
696,5,1,3,1
697,1,0,3,1
697,2,0,3,1
697,5,1,3,1
698,1,0,3,1
698,2,0,3,1
698,5,1,3,1
699,1,0,3,1
699,2,0,3,1
699,5,1,3,1
700,1,0,3,1
700,2,0,3,1
700,5,0,3,1
701,1,0,3,1
701,2,0,3,1
701,5,1,3,1
702,1,0,3,1
702,2,0,3,1
702,5,0,3,1
703,1,0,3,1
703,2,0,3,1
703,5,1,3,1
704,1,0,3,1
704,2,0,3,1
704,5,1,3,1
705,1,0,3,1
705,2,0,3,1
705,5,1,3,1
706,1,0,3,1
706,2,0,3,1
706,5,0,3,1
708,1,1,3,1
708,2,0,3,1
708,5,1,3,1
709,1,0,3,1
709,2,0,3,1
709,5,1,3,1
710,1,0,3,1
710,2,0,3,1
710,5,1,3,1
711,1,0,3,1
711,2,0,3,1
711,5,1,3,1
712,1,0,3,1
712,2,0,3,1
712,5,1,3,1
714,1,0,3,1
714,2,0,3,1
714,5,1,3,1
715,1,0,3,1
715,2,0,3,1
715,5,1,3,1
716,1,0,3,1
716,2,0,3,1
716,5,0,3,1
720,1,0,3,1
720,2,0,3,1
720,5,0,3,1
721,1,0,3,1
721,2,0,3,1
721,5,0,3,1
722,1,0,3,1
722,2,0,3,1
722,5,1,3,1
723,1,0,3,1
723,2,1,3,1
723,5,1,3,1
724,1,0,3,1
724,2,0,3,1
724,5,1,3,1
726,1,0,3,1
726,2,0,3,1
726,5,1,3,1
727,1,0,3,1
727,2,0,3,1
727,5,0,3,1
728,1,0,3,1
728,2,0,3,1
728,5,1,3,1
729,1,0,3,1
729,2,0,3,1
729,5,1,3,1
730,1,0,3,1
730,2,0,3,1
730,5,1,3,1
731,1,0,3,1
731,2,0,3,1
731,5,1,3,1
732,1,0,3,1
732,2,0,3,1
732,5,0,3,1
735,1,0,3,1
735,2,1,3,1
735,5,1,3,1
738,1,0,3,1
738,2,0,3,1
738,5,1,3,1
739,1,0,3,1
739,2,0,3,1
739,5,1,3,1
740,1,0,3,1
740,2,0,3,1
740,5,1,3,1
741,1,0,3,1
741,2,0,3,1
741,5,1,3,1
742,1,0,3,1
742,2,1,3,1
742,5,0,3,1
744,1,1,3,1
744,2,1,3,1
744,5,1,3,1
745,1,1,3,1
745,2,0,3,1
745,5,1,3,1
747,1,0,3,1
747,2,0,3,1
747,5,1,3,1
748,1,0,3,1
748,2,0,3,1
748,5,0,3,1
749,1,1,3,1
749,2,0,3,1
749,5,1,3,1
750,1,1,3,1
750,2,1,3,1
750,5,1,3,1
751,1,0,3,1
751,2,0,3,1
751,5,0,3,1
752,1,0,3,1
752,2,0,3,1
752,5,1,3,1
754,1,1,3,1
754,2,0,3,1
754,5,1,3,1
755,1,1,3,1
755,2,1,3,1
755,5,1,3,1
756,1,0,3,1
756,2,0,3,1
756,5,1,3,1
757,1,0,3,1
757,2,0,3,1
757,5,0,3,1
759,1,0,3,1
759,2,0,3,1
759,5,1,3,1
762,1,1,3,1
762,2,0,3,1
762,5,1,3,1
764,1,1,3,1
764,2,1,3,1
764,5,1,3,1
766,1,0,3,1
766,2,0,3,1
766,5,1,3,1
767,1,0,3,1
767,2,1,3,1
767,5,1,3,1
768,1,0,3,1
768,2,0,3,1
768,5,1,3,1
770,1,0,3,1
770,2,0,3,1
770,5,1,3,1
771,1,1,3,1
771,2,1,3,1
771,5,1,3,1
772,1,0,3,1
772,2,0,3,1
772,5,1,3,1
773,1,0,3,1
773,2,0,3,1
773,5,1,3,1
775,1,0,3,1
775,2,0,3,1
775,5,0,3,1
776,1,1,3,1
776,2,1,3,1
776,5,1,3,1
777,1,0,3,1
777,2,1,3,1
777,5,1,3,1
778,1,0,3,1
778,2,0,3,1
778,5,1,3,1
1,4,1,3,2
2,4,1,3,2
3,4,1,3,2
4,4,1,3,2
6,4,0,3,2
10,4,1,3,2
11,4,1,3,2
12,4,1,3,2
13,4,1,3,2
14,4,1,3,2
15,4,1,3,2
16,4,1,3,2
17,4,1,3,2
18,4,1,3,2
19,4,1,3,2
21,4,0,3,2
22,4,0,3,2
24,4,0,3,2
25,4,1,3,2
29,4,1,3,2
30,4,0,3,2
31,4,1,3,2
32,4,1,3,2
34,4,0,3,2
35,4,1,3,2
37,4,1,3,2
38,4,1,3,2
40,4,1,3,2
41,4,1,3,2
42,4,1,3,2
43,4,1,3,2
44,4,1,3,2
45,4,0,3,2
46,4,0,3,2
47,4,1,3,2
49,4,0,3,2
50,4,1,3,2
51,4,1,3,2
52,4,0,3,2
53,4,1,3,2
54,4,1,3,2
55,4,1,3,2
57,4,1,3,2
58,4,1,3,2
59,4,1,3,2
61,4,1,3,2
64,4,1,3,2
65,4,1,3,2
66,4,1,3,2
67,4,1,3,2
68,4,1,3,2
69,4,1,3,2
70,4,1,3,2
71,4,1,3,2
73,4,1,3,2
74,4,1,3,2
76,4,0,3,2
79,4,1,3,2
80,4,0,3,2
81,4,1,3,2
82,4,1,3,2
83,4,1,3,2
84,4,1,3,2
87,4,1,3,2
88,4,1,3,2
89,4,1,3,2
90,4,0,3,2
91,4,1,3,2
92,4,1,3,2
93,4,1,3,2
94,4,1,3,2
96,4,0,3,2
97,4,1,3,2
98,4,1,3,2
99,4,0,3,2
100,4,1,3,2
101,4,1,3,2
102,4,1,3,2
103,4,1,3,2
104,4,0,3,2
105,4,1,3,2
106,4,1,3,2
107,4,0,3,2
108,4,1,3,2
112,4,1,3,2
113,4,1,3,2
116,4,0,3,2
117,4,1,3,2
118,4,0,3,2
119,4,1,3,2
120,4,1,3,2
121,4,0,3,2
124,4,1,3,2
125,4,1,3,2
127,4,1,3,2
128,4,1,3,2
129,4,1,3,2
130,4,1,3,2
131,4,1,3,2
132,4,0,3,2
133,4,1,3,2
134,4,1,3,2
136,4,0,3,2
137,4,1,3,2
138,4,1,3,2
139,4,1,3,2
140,4,1,3,2
141,4,0,3,2
142,4,1,3,2
143,4,1,3,2
144,4,1,3,2
145,4,1,3,2
146,4,1,3,2
148,4,0,3,2
149,4,1,3,2
150,4,1,3,2
151,4,1,3,2
153,4,1,3,2
154,4,1,3,2
155,4,1,3,2
156,4,1,3,2
157,4,1,3,2
158,4,1,3,2
160,4,0,3,2
161,4,0,3,2
162,4,1,3,2
163,4,1,3,2
164,4,1,3,2
165,4,1,3,2
166,4,1,3,2
167,4,1,3,2
170,4,1,3,2
171,4,1,3,2
172,4,0,3,2
173,4,1,3,2
176,4,1,3,2
178,4,1,3,2
181,4,1,3,2
182,4,1,3,2
183,4,1,3,2
185,4,1,3,2
186,4,1,3,2
187,4,1,3,2
188,4,1,3,2
189,4,1,3,2
190,4,0,3,2
191,4,1,3,2
192,4,0,3,2
193,4,1,3,2
194,4,1,3,2
195,4,1,3,2
196,4,1,3,2
197,4,1,3,2
198,4,1,3,2
199,4,1,3,2
200,4,1,3,2
203,4,1,3,2
204,4,1,3,2
205,4,1,3,2
207,4,1,3,2
209,4,1,3,2
210,4,1,3,2
211,4,1,3,2
212,4,1,3,2
214,4,1,3,2
216,4,1,3,2
217,4,1,3,2
218,4,1,3,2
219,4,1,3,2
222,4,1,3,2
223,4,1,3,2
224,4,1,3,2
225,4,1,3,2
226,4,1,3,2
227,4,1,3,2
228,4,1,3,2
229,4,1,3,2
230,4,1,3,2
232,4,0,3,2
233,4,1,3,2
235,4,1,3,2
236,4,1,3,2
237,4,1,3,2
238,4,0,3,2
240,4,1,3,2
241,4,1,3,2
242,4,1,3,2
243,4,1,3,2
244,4,1,3,2
245,4,1,3,2
247,4,1,3,2
248,4,1,3,2
250,4,1,3,2
251,4,1,3,2
253,4,1,3,2
255,4,1,3,2
256,4,1,3,2
257,4,1,3,2
258,4,1,3,2
259,4,1,3,2
260,4,1,3,2
263,4,0,3,2
264,4,1,3,2
265,4,1,3,2
266,4,1,3,2
267,4,1,3,2
270,4,0,3,2
271,4,1,3,2
272,4,1,3,2
273,4,1,3,2
275,4,1,3,2
276,4,1,3,2
280,4,1,3,2
281,4,1,3,2
282,4,0,3,2
283,4,1,3,2
285,4,1,3,2
286,4,0,3,2
287,4,1,3,2
292,4,1,3,2
294,4,1,3,2
295,4,1,3,2
296,4,1,3,2
297,4,1,3,2
298,4,0,3,2
299,4,1,3,2
300,4,0,3,2
302,4,1,3,2
304,4,0,3,2
305,4,1,3,2
306,4,1,3,2
307,4,1,3,2
310,4,0,3,2
311,4,1,3,2
312,4,1,3,2
313,4,1,3,2
314,4,1,3,2
315,4,1,3,2
317,4,1,3,2
318,4,1,3,2
319,4,1,3,2
320,4,1,3,2
321,4,1,3,2
322,4,1,3,2
323,4,1,3,2
324,4,0,3,2
325,4,1,3,2
326,4,0,3,2
328,4,0,3,2
329,4,0,3,2
330,4,1,3,2
331,4,0,3,2
333,4,1,3,2
334,4,0,3,2
335,4,1,3,2
337,4,1,3,2
339,4,1,3,2
340,4,0,3,2
342,4,1,3,2
343,4,1,3,2
344,4,1,3,2
346,4,0,3,2
347,4,1,3,2
348,4,1,3,2
349,4,1,3,2
350,4,0,3,2
353,4,1,3,2
354,4,1,3,2
357,4,1,3,2
358,4,0,3,2
359,4,1,3,2
360,4,1,3,2
361,4,1,3,2
362,4,1,3,2
364,4,1,3,2
365,4,1,3,2
366,4,1,3,2
367,4,1,3,2
369,4,1,3,2
370,4,1,3,2
371,4,1,3,2
374,4,1,3,2
376,4,1,3,2
377,4,1,3,2
378,4,1,3,2
380,4,0,3,2
381,4,1,3,2
382,4,1,3,2
383,4,1,3,2
385,4,1,3,2
386,4,0,3,2
387,4,0,3,2
388,4,1,3,2
389,4,0,3,2
390,4,0,3,2
391,4,0,3,2
392,4,0,3,2
394,4,0,3,2
395,4,1,3,2
396,4,1,3,2
397,4,1,3,2
398,4,0,3,2
402,4,0,3,2
403,4,1,3,2
406,4,1,3,2
407,4,1,3,2
408,4,1,3,2
409,4,1,3,2
410,4,1,3,2
411,4,1,3,2
412,4,1,3,2
413,4,1,3,2
414,4,1,3,2
415,4,1,3,2
416,4,0,3,2
418,4,1,3,2
419,4,1,3,2
422,4,1,3,2
424,4,1,3,2
426,4,1,3,2
427,4,1,3,2
428,4,1,3,2
430,4,1,3,2
431,4,1,3,2
432,4,1,3,2
436,4,1,3,2
437,4,1,3,2
440,4,1,3,2
441,4,0,3,2
442,4,1,3,2
443,4,0,3,2
444,4,0,3,2
445,4,1,3,2
448,4,1,3,2
449,4,1,3,2
450,4,1,3,2
451,4,1,3,2
452,4,1,3,2
453,4,1,3,2
454,4,1,3,2
455,4,0,3,2
457,4,1,3,2
458,4,1,3,2
459,4,0,3,2
460,4,1,3,2
461,4,1,3,2
462,4,1,3,2
463,4,1,3,2
464,4,1,3,2
465,4,1,3,2
467,4,1,3,2
468,4,1,3,2
469,4,1,3,2
470,4,1,3,2
471,4,1,3,2
473,4,1,3,2
474,4,1,3,2
476,4,1,3,2
477,4,1,3,2
478,4,1,3,2
479,4,1,3,2
480,4,1,3,2
481,4,0,3,2
483,4,0,3,2
485,4,1,3,2
486,4,1,3,2
487,4,1,3,2
488,4,1,3,2
489,4,1,3,2
490,4,1,3,2
491,4,1,3,2
494,4,0,3,2
495,4,1,3,2
496,4,1,3,2
497,4,1,3,2
498,4,1,3,2
499,4,1,3,2
500,4,1,3,2
501,4,1,3,2
504,4,0,3,2
505,4,1,3,2
507,4,1,3,2
509,4,1,3,2
510,4,0,3,2
512,4,0,3,2
514,4,1,3,2
515,4,1,3,2
516,4,1,3,2
518,4,1,3,2
520,4,1,3,2
521,4,1,3,2
522,4,1,3,2
523,4,1,3,2
525,4,1,3,2
526,4,1,3,2
527,4,1,3,2
528,4,1,3,2
529,4,1,3,2
530,4,1,3,2
531,4,1,3,2
532,4,0,3,2
533,4,1,3,2
535,4,0,3,2
536,4,1,3,2
537,4,1,3,2
538,4,1,3,2
539,4,1,3,2
540,4,1,3,2
541,4,1,3,2
542,4,1,3,2
544,4,1,3,2
545,4,1,3,2
547,4,0,3,2
548,4,1,3,2
549,4,1,3,2
550,4,1,3,2
551,4,1,3,2
553,4,1,3,2
554,4,1,3,2
555,4,1,3,2
556,4,1,3,2
559,4,0,3,2
560,4,1,3,2
561,4,1,3,2
562,4,0,3,2
563,4,1,3,2
564,4,1,3,2
565,4,1,3,2
566,4,1,3,2
567,4,1,3,2
568,4,1,3,2
569,4,1,3,2
570,4,1,3,2
571,4,1,3,2
572,4,1,3,2
573,4,1,3,2
574,4,1,3,2
575,4,1,3,2
576,4,1,3,2
577,4,1,3,2
580,4,0,3,2
581,4,1,3,2
583,4,1,3,2
585,4,1,3,2
586,4,1,3,2
587,4,1,3,2
588,4,1,3,2
589,4,1,3,2
590,4,1,3,2
591,4,1,3,2
593,4,1,3,2
594,4,1,3,2
595,4,0,3,2
596,4,1,3,2
597,4,1,3,2
598,4,1,3,2
599,4,0,3,2
600,4,1,3,2
601,4,1,3,2
602,4,1,3,2
603,4,1,3,2
604,4,1,3,2
606,4,1,3,2
607,4,1,3,2
608,4,1,3,2
609,4,1,3,2
610,4,1,3,2
612,4,1,3,2
613,4,1,3,2
615,4,1,3,2
616,4,1,3,2
617,4,1,3,2
618,4,1,3,2
619,4,1,3,2
621,4,1,3,2
623,4,1,3,2
625,4,1,3,2
626,4,1,3,2
627,4,1,3,2
628,4,1,3,2
629,4,1,3,2
630,4,0,3,2
631,4,1,3,2
632,4,0,3,2
633,4,1,3,2
635,4,0,3,2
636,4,1,3,2
637,4,1,3,2
638,4,1,3,2
639,4,1,3,2
640,4,1,3,2
641,4,0,3,2
642,4,1,3,2
643,4,1,3,2
644,4,1,3,2
646,4,0,3,2
647,4,1,3,2
649,4,1,3,2
650,4,1,3,2
652,4,1,3,2
653,4,1,3,2
654,4,1,3,2
657,4,1,3,2
658,4,0,3,2
659,4,1,3,2
661,4,1,3,2
662,4,1,3,2
663,4,1,3,2
664,4,1,3,2
666,4,1,3,2
669,4,0,3,2
670,4,0,3,2
671,4,1,3,2
672,4,1,3,2
675,4,1,3,2
678,4,1,3,2
679,4,1,3,2
680,4,1,3,2
681,4,1,3,2
683,4,1,3,2
684,4,1,3,2
685,4,1,3,2
687,4,1,3,2
688,4,1,3,2
690,4,1,3,2
691,4,0,3,2
692,4,1,3,2
693,4,0,3,2
694,4,1,3,2
695,4,1,3,2
696,4,1,3,2
697,4,1,3,2
698,4,1,3,2
699,4,1,3,2
700,4,0,3,2
701,4,1,3,2
702,4,1,3,2
703,4,1,3,2
704,4,1,3,2
705,4,1,3,2
706,4,0,3,2
708,4,1,3,2
709,4,1,3,2
710,4,1,3,2
711,4,1,3,2
712,4,1,3,2
714,4,1,3,2
715,4,1,3,2
716,4,0,3,2
720,4,0,3,2
721,4,0,3,2
722,4,1,3,2
723,4,1,3,2
724,4,1,3,2
726,4,1,3,2
727,4,1,3,2
728,4,1,3,2
729,4,1,3,2
730,4,1,3,2
731,4,1,3,2
732,4,1,3,2
735,4,1,3,2
738,4,1,3,2
739,4,1,3,2
740,4,1,3,2
741,4,1,3,2
742,4,1,3,2
744,4,1,3,2
745,4,1,3,2
747,4,1,3,2
748,4,0,3,2
749,4,1,3,2
750,4,1,3,2
751,4,1,3,2
752,4,1,3,2
754,4,0,3,2
755,4,1,3,2
756,4,1,3,2
757,4,1,3,2
759,4,1,3,2
762,4,1,3,2
764,4,1,3,2
766,4,1,3,2
767,4,1,3,2
768,4,1,3,2
770,4,1,3,2
771,4,1,3,2
772,4,1,3,2
773,4,1,3,2
775,4,0,3,2
776,4,1,3,2
777,4,1,3,2
778,4,1,3,2
1,3,1,2,1
1,6,1,2,1
2,3,1,2,1
2,6,1,2,1
3,3,1,2,1
3,6,1,2,1
4,3,0,2,1
4,6,0,2,1
6,3,1,2,1
6,6,1,2,1
10,3,1,2,1
10,6,1,2,1
11,3,1,2,1
11,6,1,2,1
12,3,0,2,1
12,6,1,2,1
13,3,1,2,1
13,6,1,2,1
14,3,1,2,1
14,6,1,2,1
15,3,1,2,1
15,6,1,2,1
16,3,1,2,1
16,6,1,2,1
17,3,1,2,1
17,6,1,2,1
18,3,0,2,1
18,6,1,2,1
19,3,1,2,1
19,6,1,2,1
21,3,0,2,1
21,6,0,2,1
22,3,0,2,1
22,6,0,2,1
24,3,1,2,1
24,6,0,2,1
25,3,1,2,1
25,6,1,2,1
29,3,1,2,1
29,6,1,2,1
30,3,0,2,1
30,6,1,2,1
31,3,1,2,1
31,6,1,2,1
32,3,1,2,1
32,6,1,2,1
34,3,0,2,1
34,6,0,2,1
35,3,1,2,1
35,6,1,2,1
37,3,1,2,1
37,6,1,2,1
38,3,1,2,1
38,6,1,2,1
40,3,0,2,1
40,6,0,2,1
41,3,1,2,1
41,6,1,2,1
42,3,1,2,1
42,6,1,2,1
43,3,1,2,1
43,6,1,2,1
44,3,1,2,1
44,6,1,2,1
45,3,1,2,1
45,6,1,2,1
46,3,1,2,1
46,6,0,2,1
47,3,1,2,1
47,6,1,2,1
49,3,0,2,1
49,6,0,2,1
50,3,1,2,1
50,6,1,2,1
51,3,0,2,1
51,6,1,2,1
52,3,0,2,1
52,6,1,2,1
53,3,1,2,1
53,6,1,2,1
54,3,1,2,1
54,6,1,2,1
55,3,1,2,1
55,6,1,2,1
57,3,1,2,1
57,6,1,2,1
58,3,1,2,1
58,6,1,2,1
59,3,1,2,1
59,6,1,2,1
61,3,1,2,1
61,6,1,2,1
64,3,0,2,1
64,6,0,2,1
65,3,1,2,1
65,6,1,2,1
66,3,1,2,1
66,6,1,2,1
67,3,1,2,1
67,6,1,2,1
68,3,0,2,1
68,6,0,2,1
69,3,1,2,1
69,6,1,2,1
70,3,1,2,1
70,6,1,2,1
71,3,1,2,1
71,6,1,2,1
73,3,1,2,1
73,6,1,2,1
74,3,1,2,1
74,6,1,2,1
76,3,0,2,1
76,6,0,2,1
79,3,1,2,1
79,6,1,2,1
80,3,1,2,1
80,6,1,2,1
81,3,1,2,1
81,6,1,2,1
82,3,1,2,1
82,6,1,2,1
83,3,1,2,1
83,6,1,2,1
84,3,1,2,1
84,6,1,2,1
87,3,1,2,1
87,6,1,2,1
88,3,1,2,1
88,6,1,2,1
89,3,1,2,1
89,6,1,2,1
90,3,0,2,1
90,6,1,2,1
91,3,1,2,1
91,6,1,2,1
92,3,1,2,1
92,6,1,2,1
93,3,1,2,1
93,6,1,2,1
94,3,1,2,1
94,6,1,2,1
96,3,1,2,1
96,6,1,2,1
97,3,1,2,1
97,6,0,2,1
98,3,1,2,1
98,6,1,2,1
99,3,0,2,1
99,6,0,2,1
100,3,1,2,1
100,6,1,2,1
101,3,0,2,1
101,6,0,2,1
102,3,1,2,1
102,6,1,2,1
103,3,1,2,1
103,6,1,2,1
104,3,1,2,1
104,6,1,2,1
105,3,1,2,1
105,6,1,2,1
106,3,0,2,1
106,6,0,2,1
107,3,1,2,1
107,6,1,2,1
108,3,0,2,1
108,6,0,2,1
112,3,1,2,1
112,6,1,2,1
113,3,1,2,1
113,6,1,2,1
116,3,0,2,1
116,6,0,2,1
117,3,1,2,1
117,6,1,2,1
118,3,0,2,1
118,6,0,2,1
119,3,0,2,1
119,6,0,2,1
120,3,1,2,1
120,6,1,2,1
121,3,0,2,1
121,6,0,2,1
124,3,0,2,1
124,6,1,2,1
125,3,1,2,1
125,6,1,2,1
127,3,1,2,1
127,6,1,2,1
128,3,1,2,1
128,6,1,2,1
129,3,0,2,1
129,6,0,2,1
130,3,1,2,1
130,6,0,2,1
131,3,1,2,1
131,6,1,2,1
132,3,0,2,1
132,6,0,2,1
133,3,1,2,1
133,6,1,2,1
134,3,1,2,1
134,6,1,2,1
136,3,0,2,1
136,6,0,2,1
137,3,1,2,1
137,6,1,2,1
138,3,1,2,1
138,6,1,2,1
139,3,1,2,1
139,6,1,2,1
140,3,1,2,1
140,6,1,2,1
141,3,0,2,1
141,6,0,2,1
142,3,1,2,1
142,6,1,2,1
143,3,1,2,1
143,6,1,2,1
144,3,1,2,1
144,6,1,2,1
145,3,0,2,1
145,6,1,2,1
146,3,1,2,1
146,6,1,2,1
148,3,0,2,1
148,6,0,2,1
149,3,1,2,1
149,6,1,2,1
150,3,1,2,1
150,6,1,2,1
151,3,1,2,1
151,6,1,2,1
153,3,1,2,1
153,6,1,2,1
154,3,1,2,1
154,6,1,2,1
155,3,1,2,1
155,6,1,2,1
156,3,1,2,1
156,6,1,2,1
157,3,1,2,1
157,6,1,2,1
158,3,1,2,1
158,6,1,2,1
160,3,1,2,1
160,6,1,2,1
161,3,1,2,1
161,6,0,2,1
162,3,1,2,1
162,6,1,2,1
163,3,1,2,1
163,6,1,2,1
164,3,1,2,1
164,6,1,2,1
165,3,1,2,1
165,6,1,2,1
166,3,1,2,1
166,6,1,2,1
167,3,1,2,1
167,6,1,2,1
170,3,1,2,1
170,6,1,2,1
171,3,1,2,1
171,6,1,2,1
172,3,0,2,1
172,6,0,2,1
173,3,0,2,1
173,6,1,2,1
176,3,1,2,1
176,6,0,2,1
178,3,1,2,1
178,6,1,2,1
181,3,1,2,1
181,6,1,2,1
182,3,1,2,1
182,6,1,2,1
183,3,1,2,1
183,6,1,2,1
185,3,1,2,1
185,6,1,2,1
186,3,1,2,1
186,6,1,2,1
187,3,1,2,1
187,6,1,2,1
188,3,1,2,1
188,6,1,2,1
189,3,1,2,1
189,6,1,2,1
190,3,0,2,1
190,6,1,2,1
191,3,1,2,1
191,6,1,2,1
192,3,0,2,1
192,6,0,2,1
193,3,1,2,1
193,6,1,2,1
194,3,1,2,1
194,6,1,2,1
195,3,0,2,1
195,6,1,2,1
196,3,1,2,1
196,6,1,2,1
197,3,1,2,1
197,6,1,2,1
198,3,1,2,1
198,6,1,2,1
199,3,0,2,1
199,6,1,2,1
200,3,0,2,1
200,6,0,2,1
203,3,1,2,1
203,6,1,2,1
204,3,1,2,1
204,6,1,2,1
205,3,1,2,1
205,6,1,2,1
207,3,0,2,1
207,6,1,2,1
209,3,1,2,1
209,6,0,2,1
210,3,1,2,1
210,6,1,2,1
211,3,1,2,1
211,6,1,2,1
212,3,1,2,1
212,6,1,2,1
214,3,1,2,1
214,6,1,2,1
216,3,1,2,1
216,6,1,2,1
217,3,1,2,1
217,6,1,2,1
218,3,1,2,1
218,6,1,2,1
219,3,1,2,1
219,6,1,2,1
222,3,1,2,1
222,6,1,2,1
223,3,1,2,1
223,6,0,2,1
224,3,1,2,1
224,6,1,2,1
225,3,1,2,1
225,6,1,2,1
226,3,1,2,1
226,6,1,2,1
227,3,1,2,1
227,6,1,2,1
228,3,1,2,1
228,6,1,2,1
229,3,1,2,1
229,6,1,2,1
230,3,1,2,1
230,6,1,2,1
232,3,0,2,1
232,6,0,2,1
233,3,1,2,1
233,6,0,2,1
235,3,1,2,1
235,6,1,2,1
236,3,1,2,1
236,6,1,2,1
237,3,1,2,1
237,6,1,2,1
238,3,1,2,1
238,6,1,2,1
240,3,1,2,1
240,6,1,2,1
241,3,1,2,1
241,6,1,2,1
242,3,1,2,1
242,6,1,2,1
243,3,1,2,1
243,6,1,2,1
244,3,1,2,1
244,6,1,2,1
245,3,1,2,1
245,6,1,2,1
247,3,1,2,1
247,6,1,2,1
248,3,1,2,1
248,6,1,2,1
250,3,1,2,1
250,6,0,2,1
251,3,1,2,1
251,6,1,2,1
253,3,1,2,1
253,6,1,2,1
255,3,0,2,1
255,6,1,2,1
256,3,1,2,1
256,6,1,2,1
257,3,1,2,1
257,6,1,2,1
258,3,1,2,1
258,6,1,2,1
259,3,1,2,1
259,6,1,2,1
260,3,1,2,1
260,6,1,2,1
263,3,0,2,1
263,6,0,2,1
264,3,1,2,1
264,6,1,2,1
265,3,1,2,1
265,6,1,2,1
266,3,1,2,1
266,6,1,2,1
267,3,1,2,1
267,6,1,2,1
270,3,1,2,1
270,6,1,2,1
271,3,0,2,1
271,6,1,2,1
272,3,1,2,1
272,6,1,2,1
273,3,1,2,1
273,6,1,2,1
275,3,1,2,1
275,6,1,2,1
276,3,1,2,1
276,6,1,2,1
280,3,0,2,1
280,6,1,2,1
281,3,1,2,1
281,6,1,2,1
282,3,1,2,1
282,6,1,2,1
283,3,1,2,1
283,6,1,2,1
285,3,1,2,1
285,6,1,2,1
286,3,0,2,1
286,6,0,2,1
287,3,1,2,1
287,6,1,2,1
292,3,1,2,1
292,6,1,2,1
294,3,1,2,1
294,6,1,2,1
295,3,1,2,1
295,6,1,2,1
296,3,1,2,1
296,6,1,2,1
297,3,1,2,1
297,6,1,2,1
298,3,0,2,1
298,6,0,2,1
299,3,1,2,1
299,6,1,2,1
300,3,1,2,1
300,6,0,2,1
302,3,0,2,1
302,6,1,2,1
304,3,0,2,1
304,6,1,2,1
305,3,1,2,1
305,6,1,2,1
306,3,0,2,1
306,6,1,2,1
307,3,1,2,1
307,6,1,2,1
310,3,1,2,1
310,6,1,2,1
311,3,1,2,1
311,6,1,2,1
312,3,1,2,1
312,6,1,2,1
313,3,1,2,1
313,6,1,2,1
314,3,1,2,1
314,6,1,2,1
315,3,1,2,1
315,6,1,2,1
317,3,1,2,1
317,6,1,2,1
318,3,1,2,1
318,6,1,2,1
319,3,0,2,1
319,6,0,2,1
320,3,1,2,1
320,6,1,2,1
321,3,1,2,1
321,6,1,2,1
322,3,1,2,1
322,6,1,2,1
323,3,1,2,1
323,6,1,2,1
324,3,0,2,1
324,6,0,2,1
325,3,1,2,1
325,6,1,2,1
326,3,0,2,1
326,6,0,2,1
328,3,1,2,1
328,6,1,2,1
329,3,1,2,1
329,6,1,2,1
330,3,1,2,1
330,6,1,2,1
331,3,0,2,1
331,6,0,2,1
333,3,0,2,1
333,6,1,2,1
334,3,0,2,1
334,6,0,2,1
335,3,1,2,1
335,6,1,2,1
337,3,0,2,1
337,6,1,2,1
339,3,0,2,1
339,6,1,2,1
340,3,0,2,1
340,6,0,2,1
342,3,1,2,1
342,6,1,2,1
343,3,1,2,1
343,6,1,2,1
344,3,1,2,1
344,6,1,2,1
346,3,1,2,1
346,6,1,2,1
347,3,1,2,1
347,6,1,2,1
348,3,1,2,1
348,6,1,2,1
349,3,1,2,1
349,6,0,2,1
350,3,1,2,1
350,6,0,2,1
353,3,1,2,1
353,6,1,2,1
354,3,1,2,1
354,6,1,2,1
357,3,1,2,1
357,6,1,2,1
358,3,0,2,1
358,6,0,2,1
359,3,1,2,1
359,6,0,2,1
360,3,0,2,1
360,6,0,2,1
361,3,1,2,1
361,6,0,2,1
362,3,1,2,1
362,6,1,2,1
364,3,1,2,1
364,6,1,2,1
365,3,1,2,1
365,6,1,2,1
366,3,1,2,1
366,6,0,2,1
367,3,1,2,1
367,6,1,2,1
369,3,1,2,1
369,6,1,2,1
370,3,1,2,1
370,6,0,2,1
371,3,0,2,1
371,6,0,2,1
374,3,1,2,1
374,6,1,2,1
376,3,1,2,1
376,6,1,2,1
377,3,1,2,1
377,6,1,2,1
378,3,1,2,1
378,6,1,2,1
380,3,0,2,1
380,6,1,2,1
381,3,1,2,1
381,6,1,2,1
382,3,1,2,1
382,6,1,2,1
383,3,1,2,1
383,6,1,2,1
385,3,1,2,1
385,6,1,2,1
386,3,1,2,1
386,6,0,2,1
387,3,1,2,1
387,6,1,2,1
388,3,0,2,1
388,6,0,2,1
389,3,1,2,1
389,6,1,2,1
390,3,0,2,1
390,6,1,2,1
391,3,0,2,1
391,6,0,2,1
392,3,0,2,1
392,6,1,2,1
394,3,1,2,1
394,6,0,2,1
395,3,0,2,1
395,6,0,2,1
396,3,1,2,1
396,6,1,2,1
397,3,1,2,1
397,6,1,2,1
398,3,1,2,1
398,6,1,2,1
402,3,1,2,1
402,6,1,2,1
403,3,1,2,1
403,6,1,2,1
406,3,1,2,1
406,6,1,2,1
407,3,1,2,1
407,6,1,2,1
408,3,0,2,1
408,6,0,2,1
409,3,1,2,1
409,6,1,2,1
410,3,1,2,1
410,6,1,2,1
411,3,1,2,1
411,6,1,2,1
412,3,1,2,1
412,6,1,2,1
413,3,1,2,1
413,6,1,2,1
414,3,1,2,1
414,6,1,2,1
415,3,1,2,1
415,6,1,2,1
416,3,0,2,1
416,6,1,2,1
418,3,1,2,1
418,6,1,2,1
419,3,1,2,1
419,6,1,2,1
422,3,1,2,1
422,6,1,2,1
424,3,1,2,1
424,6,1,2,1
426,3,1,2,1
426,6,1,2,1
427,3,1,2,1
427,6,1,2,1
428,3,1,2,1
428,6,1,2,1
430,3,1,2,1
430,6,0,2,1
431,3,1,2,1
431,6,1,2,1
432,3,1,2,1
432,6,1,2,1
436,3,0,2,1
436,6,1,2,1
437,3,1,2,1
437,6,1,2,1
440,3,1,2,1
440,6,1,2,1
441,3,0,2,1
441,6,1,2,1
442,3,1,2,1
442,6,1,2,1
443,3,0,2,1
443,6,0,2,1
444,3,0,2,1
444,6,0,2,1
445,3,1,2,1
445,6,1,2,1
448,3,1,2,1
448,6,1,2,1
449,3,1,2,1
449,6,1,2,1
450,3,1,2,1
450,6,0,2,1
451,3,1,2,1
451,6,1,2,1
452,3,1,2,1
452,6,1,2,1
453,3,1,2,1
453,6,1,2,1
454,3,1,2,1
454,6,0,2,1
455,3,0,2,1
455,6,0,2,1
457,3,1,2,1
457,6,1,2,1
458,3,1,2,1
458,6,1,2,1
459,3,0,2,1
459,6,0,2,1
460,3,1,2,1
460,6,1,2,1
461,3,1,2,1
461,6,1,2,1
462,3,1,2,1
462,6,1,2,1
463,3,1,2,1
463,6,1,2,1
464,3,1,2,1
464,6,1,2,1
465,3,1,2,1
465,6,1,2,1
467,3,1,2,1
467,6,0,2,1
468,3,0,2,1
468,6,1,2,1
469,3,1,2,1
469,6,1,2,1
470,3,1,2,1
470,6,1,2,1
471,3,0,2,1
471,6,0,2,1
473,3,1,2,1
473,6,1,2,1
474,3,1,2,1
474,6,1,2,1
476,3,1,2,1
476,6,1,2,1
477,3,1,2,1
477,6,1,2,1
478,3,1,2,1
478,6,1,2,1
479,3,1,2,1
479,6,1,2,1
480,3,1,2,1
480,6,1,2,1
481,3,1,2,1
481,6,1,2,1
483,3,0,2,1
483,6,0,2,1
485,3,0,2,1
485,6,1,2,1
486,3,1,2,1
486,6,1,2,1
487,3,1,2,1
487,6,1,2,1
488,3,1,2,1
488,6,1,2,1
489,3,0,2,1
489,6,1,2,1
490,3,1,2,1
490,6,1,2,1
491,3,1,2,1
491,6,1,2,1
494,3,0,2,1
494,6,0,2,1
495,3,1,2,1
495,6,1,2,1
496,3,0,2,1
496,6,1,2,1
497,3,1,2,1
497,6,1,2,1
498,3,0,2,1
498,6,1,2,1
499,3,1,2,1
499,6,1,2,1
500,3,1,2,1
500,6,1,2,1
501,3,0,2,1
501,6,1,2,1
504,3,0,2,1
504,6,1,2,1
505,3,0,2,1
505,6,1,2,1
507,3,1,2,1
507,6,1,2,1
509,3,1,2,1
509,6,1,2,1
510,3,0,2,1
510,6,0,2,1
512,3,1,2,1
512,6,1,2,1
514,3,1,2,1
514,6,1,2,1
515,3,1,2,1
515,6,1,2,1
516,3,1,2,1
516,6,1,2,1
518,3,1,2,1
518,6,1,2,1
520,3,1,2,1
520,6,1,2,1
521,3,1,2,1
521,6,1,2,1
522,3,1,2,1
522,6,1,2,1
523,3,0,2,1
523,6,0,2,1
525,3,1,2,1
525,6,1,2,1
526,3,1,2,1
526,6,1,2,1
527,3,1,2,1
527,6,1,2,1
528,3,1,2,1
528,6,0,2,1
529,3,1,2,1
529,6,0,2,1
530,3,1,2,1
530,6,1,2,1
531,3,1,2,1
531,6,1,2,1
532,3,0,2,1
532,6,0,2,1
533,3,1,2,1
533,6,0,2,1
535,3,1,2,1
535,6,1,2,1
536,3,1,2,1
536,6,1,2,1
537,3,1,2,1
537,6,1,2,1
538,3,1,2,1
538,6,1,2,1
539,3,1,2,1
539,6,1,2,1
540,3,1,2,1
540,6,1,2,1
541,3,1,2,1
541,6,1,2,1
542,3,1,2,1
542,6,1,2,1
544,3,1,2,1
544,6,1,2,1
545,3,1,2,1
545,6,1,2,1
547,3,1,2,1
547,6,1,2,1
548,3,1,2,1
548,6,1,2,1
549,3,1,2,1
549,6,1,2,1
550,3,1,2,1
550,6,1,2,1
551,3,0,2,1
551,6,1,2,1
553,3,1,2,1
553,6,1,2,1
554,3,1,2,1
554,6,1,2,1
555,3,1,2,1
555,6,1,2,1
556,3,1,2,1
556,6,1,2,1
559,3,0,2,1
559,6,0,2,1
560,3,1,2,1
560,6,1,2,1
561,3,1,2,1
561,6,0,2,1
562,3,1,2,1
562,6,0,2,1
563,3,1,2,1
563,6,1,2,1
564,3,1,2,1
564,6,1,2,1
565,3,1,2,1
565,6,1,2,1
566,3,0,2,1
566,6,0,2,1
567,3,1,2,1
567,6,1,2,1
568,3,1,2,1
568,6,1,2,1
569,3,0,2,1
569,6,1,2,1
570,3,1,2,1
570,6,1,2,1
571,3,1,2,1
571,6,1,2,1
572,3,0,2,1
572,6,1,2,1
573,3,1,2,1
573,6,1,2,1
574,3,1,2,1
574,6,1,2,1
575,3,1,2,1
575,6,1,2,1
576,3,1,2,1
576,6,1,2,1
577,3,1,2,1
577,6,1,2,1
580,3,0,2,1
580,6,0,2,1
581,3,0,2,1
581,6,1,2,1
583,3,1,2,1
583,6,1,2,1
585,3,1,2,1
585,6,1,2,1
586,3,1,2,1
586,6,1,2,1
587,3,1,2,1
587,6,1,2,1
588,3,1,2,1
588,6,1,2,1
589,3,0,2,1
589,6,0,2,1
590,3,1,2,1
590,6,1,2,1
591,3,1,2,1
591,6,1,2,1
593,3,1,2,1
593,6,1,2,1
594,3,1,2,1
594,6,1,2,1
595,3,1,2,1
595,6,1,2,1
596,3,1,2,1
596,6,1,2,1
597,3,1,2,1
597,6,1,2,1
598,3,1,2,1
598,6,1,2,1
599,3,1,2,1
599,6,1,2,1
600,3,1,2,1
600,6,1,2,1
601,3,1,2,1
601,6,1,2,1
602,3,1,2,1
602,6,1,2,1
603,3,1,2,1
603,6,1,2,1
604,3,1,2,1
604,6,1,2,1
606,3,1,2,1
606,6,1,2,1
607,3,1,2,1
607,6,1,2,1
608,3,1,2,1
608,6,1,2,1
609,3,1,2,1
609,6,1,2,1
610,3,1,2,1
610,6,1,2,1
612,3,1,2,1
612,6,0,2,1
613,3,1,2,1
613,6,1,2,1
615,3,1,2,1
615,6,1,2,1
616,3,1,2,1
616,6,1,2,1
617,3,1,2,1
617,6,1,2,1
618,3,1,2,1
618,6,1,2,1
619,3,1,2,1
619,6,1,2,1
621,3,1,2,1
621,6,1,2,1
623,3,1,2,1
623,6,1,2,1
625,3,1,2,1
625,6,1,2,1
626,3,1,2,1
626,6,0,2,1
627,3,0,2,1
627,6,1,2,1
628,3,1,2,1
628,6,1,2,1
629,3,1,2,1
629,6,1,2,1
630,3,1,2,1
630,6,1,2,1
631,3,1,2,1
631,6,1,2,1
632,3,0,2,1
632,6,0,2,1
633,3,1,2,1
633,6,1,2,1
635,3,1,2,1
635,6,0,2,1
636,3,1,2,1
636,6,1,2,1
637,3,1,2,1
637,6,1,2,1
638,3,1,2,1
638,6,1,2,1
639,3,1,2,1
639,6,1,2,1
640,3,0,2,1
640,6,1,2,1
641,3,1,2,1
641,6,1,2,1
642,3,0,2,1
642,6,0,2,1
643,3,1,2,1
643,6,0,2,1
644,3,1,2,1
644,6,1,2,1
646,3,0,2,1
646,6,0,2,1
647,3,1,2,1
647,6,1,2,1
649,3,1,2,1
649,6,1,2,1
650,3,1,2,1
650,6,1,2,1
652,3,1,2,1
652,6,1,2,1
653,3,1,2,1
653,6,1,2,1
654,3,1,2,1
654,6,1,2,1
657,3,1,2,1
657,6,0,2,1
658,3,0,2,1
658,6,0,2,1
659,3,1,2,1
659,6,1,2,1
661,3,1,2,1
661,6,1,2,1
662,3,1,2,1
662,6,1,2,1
663,3,1,2,1
663,6,1,2,1
664,3,1,2,1
664,6,1,2,1
666,3,1,2,1
666,6,1,2,1
669,3,0,2,1
669,6,1,2,1
670,3,0,2,1
670,6,0,2,1
671,3,1,2,1
671,6,1,2,1
672,3,1,2,1
672,6,1,2,1
675,3,1,2,1
675,6,1,2,1
678,3,1,2,1
678,6,1,2,1
679,3,1,2,1
679,6,0,2,1
680,3,1,2,1
680,6,1,2,1
681,3,1,2,1
681,6,1,2,1
683,3,1,2,1
683,6,1,2,1
684,3,1,2,1
684,6,1,2,1
685,3,1,2,1
685,6,1,2,1
687,3,1,2,1
687,6,1,2,1
688,3,1,2,1
688,6,1,2,1
690,3,1,2,1
690,6,1,2,1
691,3,1,2,1
691,6,1,2,1
692,3,1,2,1
692,6,1,2,1
693,3,1,2,1
693,6,1,2,1
694,3,1,2,1
694,6,1,2,1
695,3,1,2,1
695,6,0,2,1
696,3,1,2,1
696,6,1,2,1
697,3,1,2,1
697,6,1,2,1
698,3,1,2,1
698,6,1,2,1
699,3,1,2,1
699,6,1,2,1
700,3,0,2,1
700,6,0,2,1
701,3,1,2,1
701,6,1,2,1
702,3,1,2,1
702,6,0,2,1
703,3,1,2,1
703,6,1,2,1
704,3,1,2,1
704,6,1,2,1
705,3,1,2,1
705,6,1,2,1
706,3,1,2,1
706,6,0,2,1
708,3,1,2,1
708,6,1,2,1
709,3,1,2,1
709,6,1,2,1
710,3,1,2,1
710,6,1,2,1
711,3,1,2,1
711,6,1,2,1
712,3,1,2,1
712,6,1,2,1
714,3,1,2,1
714,6,1,2,1
715,3,1,2,1
715,6,1,2,1
716,3,0,2,1
716,6,0,2,1
720,3,0,2,1
720,6,0,2,1
721,3,1,2,1
721,6,0,2,1
722,3,1,2,1
722,6,1,2,1
723,3,1,2,1
723,6,1,2,1
724,3,1,2,1
724,6,1,2,1
726,3,1,2,1
726,6,1,2,1
727,3,1,2,1
727,6,1,2,1
728,3,0,2,1
728,6,1,2,1
729,3,1,2,1
729,6,1,2,1
730,3,1,2,1
730,6,1,2,1
731,3,1,2,1
731,6,1,2,1
732,3,1,2,1
732,6,0,2,1
735,3,1,2,1
735,6,1,2,1
738,3,1,2,1
738,6,1,2,1
739,3,1,2,1
739,6,1,2,1
740,3,0,2,1
740,6,1,2,1
741,3,1,2,1
741,6,1,2,1
742,3,1,2,1
742,6,1,2,1
744,3,1,2,1
744,6,1,2,1
745,3,1,2,1
745,6,1,2,1
747,3,1,2,1
747,6,0,2,1
748,3,0,2,1
748,6,0,2,1
749,3,1,2,1
749,6,1,2,1
750,3,1,2,1
750,6,1,2,1
751,3,1,2,1
751,6,1,2,1
752,3,1,2,1
752,6,1,2,1
754,3,0,2,1
754,6,0,2,1
755,3,1,2,1
755,6,0,2,1
756,3,1,2,1
756,6,1,2,1
757,3,1,2,1
757,6,1,2,1
759,3,1,2,1
759,6,1,2,1
762,3,1,2,1
762,6,1,2,1
764,3,1,2,1
764,6,1,2,1
766,3,1,2,1
766,6,1,2,1
767,3,1,2,1
767,6,1,2,1
768,3,1,2,1
768,6,0,2,1
770,3,1,2,1
770,6,1,2,1
771,3,1,2,1
771,6,1,2,1
772,3,1,2,1
772,6,0,2,1
773,3,1,2,1
773,6,1,2,1
775,3,0,2,1
775,6,0,2,1
776,3,1,2,1
776,6,1,2,1
777,3,1,2,1
777,6,1,2,1
778,3,1,2,1
778,6,1,2,1
1,2,1,2,2
2,2,1,2,2
3,2,0,2,2
4,2,1,2,2
6,2,1,2,2
10,2,1,2,2
11,2,1,2,2
12,2,1,2,2
13,2,1,2,2
14,2,0,2,2
15,2,1,2,2
16,2,1,2,2
17,2,1,2,2
18,2,1,2,2
19,2,0,2,2
21,2,1,2,2
22,2,1,2,2
24,2,0,2,2
25,2,1,2,2
29,2,1,2,2
30,2,0,2,2
31,2,1,2,2
32,2,1,2,2
34,2,1,2,2
35,2,0,2,2
37,2,0,2,2
38,2,0,2,2
40,2,1,2,2
41,2,0,2,2
42,2,1,2,2
43,2,0,2,2
44,2,0,2,2
45,2,1,2,2
46,2,1,2,2
47,2,1,2,2
49,2,1,2,2
50,2,1,2,2
51,2,1,2,2
52,2,1,2,2
53,2,1,2,2
54,2,1,2,2
55,2,1,2,2
57,2,1,2,2
58,2,1,2,2
59,2,0,2,2
61,2,1,2,2
64,2,1,2,2
65,2,1,2,2
66,2,0,2,2
67,2,0,2,2
68,2,1,2,2
69,2,1,2,2
70,2,0,2,2
71,2,1,2,2
73,2,1,2,2
74,2,0,2,2
76,2,1,2,2
79,2,1,2,2
80,2,1,2,2
81,2,0,2,2
82,2,1,2,2
83,2,1,2,2
84,2,1,2,2
87,2,0,2,2
88,2,0,2,2
89,2,1,2,2
90,2,1,2,2
91,2,0,2,2
92,2,1,2,2
93,2,0,2,2
94,2,1,2,2
96,2,1,2,2
97,2,1,2,2
98,2,1,2,2
99,2,1,2,2
100,2,1,2,2
101,2,1,2,2
102,2,1,2,2
103,2,0,2,2
104,2,1,2,2
105,2,0,2,2
106,2,0,2,2
107,2,1,2,2
108,2,1,2,2
112,2,1,2,2
113,2,0,2,2
116,2,1,2,2
117,2,1,2,2
118,2,1,2,2
119,2,1,2,2
120,2,0,2,2
121,2,1,2,2
124,2,0,2,2
125,2,1,2,2
127,2,1,2,2
128,2,1,2,2
129,2,1,2,2
130,2,1,2,2
131,2,0,2,2
132,2,1,2,2
133,2,0,2,2
134,2,0,2,2
136,2,1,2,2
137,2,0,2,2
138,2,0,2,2
139,2,0,2,2
140,2,1,2,2
141,2,1,2,2
142,2,1,2,2
143,2,0,2,2
144,2,1,2,2
145,2,1,2,2
146,2,1,2,2
148,2,1,2,2
149,2,0,2,2
150,2,0,2,2
151,2,0,2,2
153,2,0,2,2
154,2,1,2,2
155,2,0,2,2
156,2,0,2,2
157,2,1,2,2
158,2,1,2,2
160,2,1,2,2
161,2,1,2,2
162,2,1,2,2
163,2,0,2,2
164,2,1,2,2
165,2,0,2,2
166,2,1,2,2
167,2,1,2,2
170,2,1,2,2
171,2,1,2,2
172,2,1,2,2
173,2,0,2,2
176,2,0,2,2
178,2,1,2,2
181,2,0,2,2
182,2,0,2,2
183,2,0,2,2
185,2,1,2,2
186,2,0,2,2
187,2,0,2,2
188,2,1,2,2
189,2,1,2,2
190,2,1,2,2
191,2,0,2,2
192,2,0,2,2
193,2,0,2,2
194,2,1,2,2
195,2,1,2,2
196,2,1,2,2
197,2,1,2,2
198,2,1,2,2
199,2,0,2,2
200,2,1,2,2
203,2,1,2,2
204,2,1,2,2
205,2,1,2,2
207,2,1,2,2
209,2,0,2,2
210,2,1,2,2
211,2,0,2,2
212,2,1,2,2
214,2,0,2,2
216,2,1,2,2
217,2,1,2,2
218,2,0,2,2
219,2,0,2,2
222,2,0,2,2
223,2,1,2,2
224,2,1,2,2
225,2,0,2,2
226,2,0,2,2
227,2,0,2,2
228,2,1,2,2
229,2,1,2,2
230,2,1,2,2
232,2,1,2,2
233,2,1,2,2
235,2,1,2,2
236,2,1,2,2
237,2,1,2,2
238,2,1,2,2
240,2,0,2,2
241,2,1,2,2
242,2,0,2,2
243,2,0,2,2
244,2,0,2,2
245,2,1,2,2
247,2,1,2,2
248,2,1,2,2
250,2,1,2,2
251,2,0,2,2
253,2,1,2,2
255,2,1,2,2
256,2,1,2,2
257,2,1,2,2
258,2,1,2,2
259,2,1,2,2
260,2,1,2,2
263,2,1,2,2
264,2,1,2,2
265,2,0,2,2
266,2,0,2,2
267,2,1,2,2
270,2,1,2,2
271,2,1,2,2
272,2,0,2,2
273,2,0,2,2
275,2,0,2,2
276,2,0,2,2
280,2,1,2,2
281,2,1,2,2
282,2,1,2,2
283,2,0,2,2
285,2,1,2,2
286,2,1,2,2
287,2,1,2,2
292,2,1,2,2
294,2,0,2,2
295,2,0,2,2
296,2,1,2,2
297,2,1,2,2
298,2,1,2,2
299,2,1,2,2
300,2,1,2,2
302,2,0,2,2
304,2,1,2,2
305,2,0,2,2
306,2,1,2,2
307,2,1,2,2
310,2,1,2,2
311,2,0,2,2
312,2,1,2,2
313,2,0,2,2
314,2,0,2,2
315,2,1,2,2
317,2,1,2,2
318,2,1,2,2
319,2,1,2,2
320,2,0,2,2
321,2,1,2,2
322,2,1,2,2
323,2,0,2,2
324,2,1,2,2
325,2,1,2,2
326,2,1,2,2
328,2,1,2,2
329,2,0,2,2
330,2,1,2,2
331,2,1,2,2
333,2,0,2,2
334,2,1,2,2
335,2,1,2,2
337,2,0,2,2
339,2,0,2,2
340,2,1,2,2
342,2,1,2,2
343,2,1,2,2
344,2,1,2,2
346,2,1,2,2
347,2,1,2,2
348,2,1,2,2
349,2,1,2,2
350,2,1,2,2
353,2,1,2,2
354,2,0,2,2
357,2,0,2,2
358,2,1,2,2
359,2,1,2,2
360,2,1,2,2
361,2,1,2,2
362,2,1,2,2
364,2,1,2,2
365,2,1,2,2
366,2,1,2,2
367,2,1,2,2
369,2,1,2,2
370,2,1,2,2
371,2,1,2,2
374,2,0,2,2
376,2,1,2,2
377,2,1,2,2
378,2,1,2,2
380,2,1,2,2
381,2,1,2,2
382,2,0,2,2
383,2,0,2,2
385,2,0,2,2
386,2,1,2,2
387,2,1,2,2
388,2,1,2,2
389,2,1,2,2
390,2,0,2,2
391,2,1,2,2
392,2,1,2,2
394,2,1,2,2
395,2,1,2,2
396,2,0,2,2
397,2,0,2,2
398,2,1,2,2
402,2,1,2,2
403,2,0,2,2
406,2,0,2,2
407,2,1,2,2
408,2,1,2,2
409,2,0,2,2
410,2,0,2,2
411,2,1,2,2
412,2,0,2,2
413,2,0,2,2
414,2,0,2,2
415,2,1,2,2
416,2,1,2,2
418,2,1,2,2
419,2,0,2,2
422,2,1,2,2
424,2,1,2,2
426,2,1,2,2
427,2,0,2,2
428,2,1,2,2
430,2,0,2,2
431,2,1,2,2
432,2,1,2,2
436,2,0,2,2
437,2,0,2,2
440,2,1,2,2
441,2,1,2,2
442,2,0,2,2
443,2,1,2,2
444,2,1,2,2
445,2,0,2,2
448,2,0,2,2
449,2,1,2,2
450,2,1,2,2
451,2,1,2,2
452,2,1,2,2
453,2,1,2,2
454,2,1,2,2
455,2,0,2,2
457,2,0,2,2
458,2,1,2,2
459,2,1,2,2
460,2,0,2,2
461,2,0,2,2
462,2,0,2,2
463,2,0,2,2
464,2,1,2,2
465,2,0,2,2
467,2,1,2,2
468,2,1,2,2
469,2,1,2,2
470,2,1,2,2
471,2,1,2,2
473,2,1,2,2
474,2,0,2,2
476,2,1,2,2
477,2,0,2,2
478,2,0,2,2
479,2,1,2,2
480,2,1,2,2
481,2,1,2,2
483,2,1,2,2
485,2,0,2,2
486,2,0,2,2
487,2,1,2,2
488,2,1,2,2
489,2,0,2,2
490,2,1,2,2
491,2,0,2,2
494,2,1,2,2
495,2,1,2,2
496,2,0,2,2
497,2,0,2,2
498,2,1,2,2
499,2,1,2,2
500,2,0,2,2
501,2,1,2,2
504,2,1,2,2
505,2,1,2,2
507,2,0,2,2
509,2,1,2,2
510,2,1,2,2
512,2,1,2,2
514,2,1,2,2
515,2,1,2,2
516,2,0,2,2
518,2,1,2,2
520,2,0,2,2
521,2,1,2,2
522,2,0,2,2
523,2,1,2,2
525,2,1,2,2
526,2,1,2,2
527,2,1,2,2
528,2,0,2,2
529,2,1,2,2
530,2,1,2,2
531,2,1,2,2
532,2,1,2,2
533,2,0,2,2
535,2,1,2,2
536,2,1,2,2
537,2,1,2,2
538,2,1,2,2
539,2,0,2,2
540,2,1,2,2
541,2,0,2,2
542,2,0,2,2
544,2,0,2,2
545,2,1,2,2
547,2,0,2,2
548,2,0,2,2
549,2,1,2,2
550,2,1,2,2
551,2,1,2,2
553,2,0,2,2
554,2,1,2,2
555,2,1,2,2
556,2,0,2,2
559,2,0,2,2
560,2,1,2,2
561,2,1,2,2
562,2,0,2,2
563,2,0,2,2
564,2,1,2,2
565,2,0,2,2
566,2,1,2,2
567,2,1,2,2
568,2,1,2,2
569,2,0,2,2
570,2,1,2,2
571,2,1,2,2
572,2,1,2,2
573,2,0,2,2
574,2,0,2,2
575,2,0,2,2
576,2,1,2,2
577,2,0,2,2
580,2,1,2,2
581,2,0,2,2
583,2,0,2,2
585,2,1,2,2
586,2,1,2,2
587,2,1,2,2
588,2,1,2,2
589,2,1,2,2
590,2,0,2,2
591,2,1,2,2
593,2,0,2,2
594,2,1,2,2
595,2,1,2,2
596,2,1,2,2
597,2,0,2,2
598,2,1,2,2
599,2,1,2,2
600,2,1,2,2
601,2,0,2,2
602,2,0,2,2
603,2,1,2,2
604,2,1,2,2
606,2,1,2,2
607,2,1,2,2
608,2,1,2,2
609,2,0,2,2
610,2,1,2,2
612,2,1,2,2
613,2,0,2,2
615,2,0,2,2
616,2,1,2,2
617,2,0,2,2
618,2,1,2,2
619,2,1,2,2
621,2,1,2,2
623,2,1,2,2
625,2,0,2,2
626,2,0,2,2
627,2,1,2,2
628,2,1,2,2
629,2,0,2,2
630,2,1,2,2
631,2,1,2,2
632,2,1,2,2
633,2,1,2,2
635,2,1,2,2
636,2,1,2,2
637,2,1,2,2
638,2,1,2,2
639,2,1,2,2
640,2,1,2,2
641,2,1,2,2
642,2,1,2,2
643,2,0,2,2
644,2,0,2,2
646,2,1,2,2
647,2,1,2,2
649,2,1,2,2
650,2,1,2,2
652,2,0,2,2
653,2,1,2,2
654,2,1,2,2
657,2,1,2,2
658,2,1,2,2
659,2,1,2,2
661,2,1,2,2
662,2,1,2,2
663,2,1,2,2
664,2,0,2,2
666,2,1,2,2
669,2,0,2,2
670,2,1,2,2
671,2,1,2,2
672,2,1,2,2
675,2,1,2,2
678,2,1,2,2
679,2,1,2,2
680,2,0,2,2
681,2,0,2,2
683,2,0,2,2
684,2,1,2,2
685,2,0,2,2
687,2,0,2,2
688,2,1,2,2
690,2,1,2,2
691,2,1,2,2
692,2,1,2,2
693,2,1,2,2
694,2,1,2,2
695,2,1,2,2
696,2,1,2,2
697,2,1,2,2
698,2,1,2,2
699,2,1,2,2
700,2,1,2,2
701,2,1,2,2
702,2,1,2,2
703,2,1,2,2
704,2,1,2,2
705,2,1,2,2
706,2,1,2,2
708,2,1,2,2
709,2,1,2,2
710,2,1,2,2
711,2,1,2,2
712,2,1,2,2
714,2,1,2,2
715,2,1,2,2
716,2,1,2,2
720,2,1,2,2
721,2,1,2,2
722,2,1,2,2
723,2,0,2,2
724,2,1,2,2
726,2,1,2,2
727,2,1,2,2
728,2,1,2,2
729,2,1,2,2
730,2,1,2,2
731,2,1,2,2
732,2,1,2,2
735,2,0,2,2
738,2,1,2,2
739,2,1,2,2
740,2,1,2,2
741,2,1,2,2
742,2,0,2,2
744,2,0,2,2
745,2,1,2,2
747,2,1,2,2
748,2,1,2,2
749,2,1,2,2
750,2,0,2,2
751,2,1,2,2
752,2,1,2,2
754,2,1,2,2
755,2,0,2,2
756,2,1,2,2
757,2,1,2,2
759,2,1,2,2
762,2,1,2,2
764,2,0,2,2
766,2,1,2,2
767,2,0,2,2
768,2,1,2,2
770,2,1,2,2
771,2,0,2,2
772,2,1,2,2
773,2,1,2,2
775,2,1,2,2
776,2,0,2,2
777,2,0,2,2
778,2,1,2,2
1,1,1,2,3
2,1,1,2,3
3,1,1,2,3
4,1,1,2,3
6,1,1,2,3
10,1,1,2,3
11,1,1,2,3
12,1,0,2,3
13,1,1,2,3
14,1,0,2,3
15,1,1,2,3
16,1,1,2,3
17,1,1,2,3
18,1,1,2,3
19,1,0,2,3
21,1,1,2,3
22,1,1,2,3
24,1,1,2,3
25,1,1,2,3
29,1,1,2,3
30,1,0,2,3
31,1,1,2,3
32,1,1,2,3
34,1,1,2,3
35,1,0,2,3
37,1,0,2,3
38,1,0,2,3
40,1,0,2,3
41,1,0,2,3
42,1,1,2,3
43,1,0,2,3
44,1,0,2,3
45,1,1,2,3
46,1,1,2,3
47,1,1,2,3
49,1,1,2,3
50,1,0,2,3
51,1,1,2,3
52,1,1,2,3
53,1,1,2,3
54,1,1,2,3
55,1,1,2,3
57,1,1,2,3
58,1,1,2,3
59,1,0,2,3
61,1,1,2,3
64,1,1,2,3
65,1,1,2,3
66,1,0,2,3
67,1,1,2,3
68,1,1,2,3
69,1,1,2,3
70,1,1,2,3
71,1,1,2,3
73,1,1,2,3
74,1,0,2,3
76,1,1,2,3
79,1,1,2,3
80,1,1,2,3
81,1,0,2,3
82,1,1,2,3
83,1,1,2,3
84,1,1,2,3
87,1,0,2,3
88,1,0,2,3
89,1,1,2,3
90,1,0,2,3
91,1,0,2,3
92,1,1,2,3
93,1,0,2,3
94,1,1,2,3
96,1,1,2,3
97,1,1,2,3
98,1,1,2,3
99,1,1,2,3
100,1,1,2,3
101,1,1,2,3
102,1,1,2,3
103,1,0,2,3
104,1,1,2,3
105,1,0,2,3
106,1,1,2,3
107,1,1,2,3
108,1,1,2,3
112,1,1,2,3
113,1,0,2,3
116,1,1,2,3
117,1,1,2,3
118,1,0,2,3
119,1,1,2,3
120,1,1,2,3
121,1,1,2,3
124,1,1,2,3
125,1,0,2,3
127,1,1,2,3
128,1,1,2,3
129,1,1,2,3
130,1,1,2,3
131,1,0,2,3
132,1,1,2,3
133,1,0,2,3
134,1,0,2,3
136,1,1,2,3
137,1,0,2,3
138,1,0,2,3
139,1,1,2,3
140,1,1,2,3
141,1,1,2,3
142,1,1,2,3
143,1,0,2,3
144,1,0,2,3
145,1,1,2,3
146,1,1,2,3
148,1,1,2,3
149,1,0,2,3
150,1,0,2,3
151,1,0,2,3
153,1,0,2,3
154,1,1,2,3
155,1,0,2,3
156,1,0,2,3
157,1,1,2,3
158,1,1,2,3
160,1,0,2,3
161,1,1,2,3
162,1,1,2,3
163,1,0,2,3
164,1,0,2,3
165,1,0,2,3
166,1,1,2,3
167,1,1,2,3
170,1,1,2,3
171,1,1,2,3
172,1,1,2,3
173,1,1,2,3
176,1,1,2,3
178,1,1,2,3
181,1,0,2,3
182,1,0,2,3
183,1,0,2,3
185,1,1,2,3
186,1,0,2,3
187,1,0,2,3
188,1,1,2,3
189,1,1,2,3
190,1,1,2,3
191,1,0,2,3
192,1,0,2,3
193,1,0,2,3
194,1,1,2,3
195,1,1,2,3
196,1,1,2,3
197,1,1,2,3
198,1,1,2,3
199,1,0,2,3
200,1,1,2,3
203,1,1,2,3
204,1,1,2,3
205,1,1,2,3
207,1,1,2,3
209,1,1,2,3
210,1,1,2,3
211,1,1,2,3
212,1,1,2,3
214,1,0,2,3
216,1,1,2,3
217,1,0,2,3
218,1,0,2,3
219,1,0,2,3
222,1,0,2,3
223,1,0,2,3
224,1,1,2,3
225,1,1,2,3
226,1,0,2,3
227,1,0,2,3
228,1,1,2,3
229,1,1,2,3
230,1,1,2,3
232,1,1,2,3
233,1,0,2,3
235,1,1,2,3
236,1,1,2,3
237,1,1,2,3
238,1,1,2,3
240,1,0,2,3
241,1,0,2,3
242,1,0,2,3
243,1,0,2,3
244,1,1,2,3
245,1,1,2,3
247,1,1,2,3
248,1,1,2,3
250,1,1,2,3
251,1,1,2,3
253,1,1,2,3
255,1,1,2,3
256,1,1,2,3
257,1,1,2,3
258,1,1,2,3
259,1,1,2,3
260,1,1,2,3
263,1,1,2,3
264,1,1,2,3
265,1,0,2,3
266,1,0,2,3
267,1,1,2,3
270,1,1,2,3
271,1,1,2,3
272,1,0,2,3
273,1,0,2,3
275,1,0,2,3
276,1,0,2,3
280,1,1,2,3
281,1,1,2,3
282,1,0,2,3
283,1,0,2,3
285,1,1,2,3
286,1,1,2,3
287,1,1,2,3
292,1,1,2,3
294,1,0,2,3
295,1,0,2,3
296,1,1,2,3
297,1,1,2,3
298,1,1,2,3
299,1,0,2,3
300,1,1,2,3
302,1,0,2,3
304,1,1,2,3
305,1,0,2,3
306,1,1,2,3
307,1,1,2,3
310,1,1,2,3
311,1,0,2,3
312,1,1,2,3
313,1,0,2,3
314,1,0,2,3
315,1,1,2,3
317,1,1,2,3
318,1,1,2,3
319,1,1,2,3
320,1,0,2,3
321,1,1,2,3
322,1,1,2,3
323,1,0,2,3
324,1,1,2,3
325,1,1,2,3
326,1,1,2,3
328,1,1,2,3
329,1,0,2,3
330,1,1,2,3
331,1,1,2,3
333,1,0,2,3
334,1,1,2,3
335,1,1,2,3
337,1,0,2,3
339,1,1,2,3
340,1,1,2,3
342,1,1,2,3
343,1,1,2,3
344,1,1,2,3
346,1,1,2,3
347,1,1,2,3
348,1,1,2,3
349,1,1,2,3
350,1,1,2,3
353,1,1,2,3
354,1,0,2,3
357,1,0,2,3
358,1,1,2,3
359,1,1,2,3
360,1,1,2,3
361,1,1,2,3
362,1,1,2,3
364,1,1,2,3
365,1,1,2,3
366,1,1,2,3
367,1,1,2,3
369,1,1,2,3
370,1,1,2,3
371,1,1,2,3
374,1,0,2,3
376,1,1,2,3
377,1,1,2,3
378,1,1,2,3
380,1,0,2,3
381,1,1,2,3
382,1,1,2,3
383,1,0,2,3
385,1,0,2,3
386,1,1,2,3
387,1,1,2,3
388,1,1,2,3
389,1,1,2,3
390,1,0,2,3
391,1,0,2,3
392,1,1,2,3
394,1,1,2,3
395,1,1,2,3
396,1,0,2,3
397,1,0,2,3
398,1,1,2,3
402,1,1,2,3
403,1,0,2,3
406,1,0,2,3
407,1,1,2,3
408,1,1,2,3
409,1,0,2,3
410,1,0,2,3
411,1,1,2,3
412,1,1,2,3
413,1,1,2,3
414,1,0,2,3
415,1,1,2,3
416,1,1,2,3
418,1,0,2,3
419,1,0,2,3
422,1,1,2,3
424,1,1,2,3
426,1,1,2,3
427,1,0,2,3
428,1,1,2,3
430,1,0,2,3
431,1,1,2,3
432,1,1,2,3
436,1,0,2,3
437,1,0,2,3
440,1,1,2,3
441,1,1,2,3
442,1,0,2,3
443,1,1,2,3
444,1,1,2,3
445,1,1,2,3
448,1,0,2,3
449,1,1,2,3
450,1,1,2,3
451,1,1,2,3
452,1,1,2,3
453,1,0,2,3
454,1,1,2,3
455,1,0,2,3
457,1,0,2,3
458,1,1,2,3
459,1,1,2,3
460,1,0,2,3
461,1,0,2,3
462,1,0,2,3
463,1,1,2,3
464,1,1,2,3
465,1,0,2,3
467,1,1,2,3
468,1,1,2,3
469,1,1,2,3
470,1,1,2,3
471,1,1,2,3
473,1,1,2,3
474,1,0,2,3
476,1,0,2,3
477,1,0,2,3
478,1,1,2,3
479,1,1,2,3
480,1,1,2,3
481,1,1,2,3
483,1,1,2,3
485,1,0,2,3
486,1,0,2,3
487,1,1,2,3
488,1,1,2,3
489,1,0,2,3
490,1,1,2,3
491,1,0,2,3
494,1,1,2,3
495,1,1,2,3
496,1,0,2,3
497,1,0,2,3
498,1,1,2,3
499,1,1,2,3
500,1,1,2,3
501,1,1,2,3
504,1,1,2,3
505,1,1,2,3
507,1,0,2,3
509,1,0,2,3
510,1,1,2,3
512,1,1,2,3
514,1,0,2,3
515,1,1,2,3
516,1,1,2,3
518,1,1,2,3
520,1,0,2,3
521,1,1,2,3
522,1,0,2,3
523,1,1,2,3
525,1,1,2,3
526,1,1,2,3
527,1,1,2,3
528,1,1,2,3
529,1,1,2,3
530,1,1,2,3
531,1,1,2,3
532,1,1,2,3
533,1,1,2,3
535,1,1,2,3
536,1,1,2,3
537,1,1,2,3
538,1,1,2,3
539,1,1,2,3
540,1,1,2,3
541,1,0,2,3
542,1,0,2,3
544,1,0,2,3
545,1,1,2,3
547,1,1,2,3
548,1,0,2,3
549,1,1,2,3
550,1,1,2,3
551,1,1,2,3
553,1,1,2,3
554,1,1,2,3
555,1,1,2,3
556,1,0,2,3
559,1,1,2,3
560,1,1,2,3
561,1,1,2,3
562,1,0,2,3
563,1,0,2,3
564,1,1,2,3
565,1,1,2,3
566,1,1,2,3
567,1,1,2,3
568,1,1,2,3
569,1,0,2,3
570,1,1,2,3
571,1,1,2,3
572,1,1,2,3
573,1,0,2,3
574,1,1,2,3
575,1,1,2,3
576,1,1,2,3
577,1,0,2,3
580,1,1,2,3
581,1,0,2,3
583,1,1,2,3
585,1,1,2,3
586,1,1,2,3
587,1,1,2,3
588,1,1,2,3
589,1,1,2,3
590,1,1,2,3
591,1,1,2,3
593,1,1,2,3
594,1,1,2,3
595,1,1,2,3
596,1,1,2,3
597,1,0,2,3
598,1,0,2,3
599,1,0,2,3
600,1,1,2,3
601,1,1,2,3
602,1,1,2,3
603,1,1,2,3
604,1,1,2,3
606,1,1,2,3
607,1,1,2,3
608,1,0,2,3
609,1,0,2,3
610,1,1,2,3
612,1,1,2,3
613,1,0,2,3
615,1,0,2,3
616,1,1,2,3
617,1,0,2,3
618,1,1,2,3
619,1,1,2,3
621,1,1,2,3
623,1,1,2,3
625,1,0,2,3
626,1,1,2,3
627,1,1,2,3
628,1,1,2,3
629,1,0,2,3
630,1,1,2,3
631,1,1,2,3
632,1,1,2,3
633,1,0,2,3
635,1,0,2,3
636,1,1,2,3
637,1,1,2,3
638,1,1,2,3
639,1,1,2,3
640,1,1,2,3
641,1,1,2,3
642,1,1,2,3
643,1,1,2,3
644,1,0,2,3
646,1,1,2,3
647,1,0,2,3
649,1,1,2,3
650,1,1,2,3
652,1,0,2,3
653,1,1,2,3
654,1,1,2,3
657,1,1,2,3
658,1,1,2,3
659,1,1,2,3
661,1,1,2,3
662,1,1,2,3
663,1,1,2,3
664,1,0,2,3
666,1,1,2,3
669,1,0,2,3
670,1,1,2,3
671,1,1,2,3
672,1,1,2,3
675,1,1,2,3
678,1,1,2,3
679,1,1,2,3
680,1,0,2,3
681,1,0,2,3
683,1,0,2,3
684,1,1,2,3
685,1,0,2,3
687,1,1,2,3
688,1,0,2,3
690,1,1,2,3
691,1,1,2,3
692,1,1,2,3
693,1,1,2,3
694,1,1,2,3
695,1,0,2,3
696,1,1,2,3
697,1,1,2,3
698,1,1,2,3
699,1,1,2,3
700,1,1,2,3
701,1,1,2,3
702,1,1,2,3
703,1,1,2,3
704,1,1,2,3
705,1,1,2,3
706,1,1,2,3
708,1,0,2,3
709,1,1,2,3
710,1,1,2,3
711,1,1,2,3
712,1,1,2,3
714,1,1,2,3
715,1,1,2,3
716,1,1,2,3
720,1,1,2,3
721,1,1,2,3
722,1,1,2,3
723,1,1,2,3
724,1,1,2,3
726,1,1,2,3
727,1,1,2,3
728,1,1,2,3
729,1,1,2,3
730,1,1,2,3
731,1,1,2,3
732,1,1,2,3
735,1,1,2,3
738,1,1,2,3
739,1,1,2,3
740,1,1,2,3
741,1,1,2,3
742,1,1,2,3
744,1,0,2,3
745,1,0,2,3
747,1,1,2,3
748,1,1,2,3
749,1,0,2,3
750,1,0,2,3
751,1,1,2,3
752,1,1,2,3
754,1,0,2,3
755,1,0,2,3
756,1,1,2,3
757,1,1,2,3
759,1,1,2,3
762,1,0,2,3
764,1,0,2,3
766,1,1,2,3
767,1,1,2,3
768,1,1,2,3
770,1,1,2,3
771,1,0,2,3
772,1,1,2,3
773,1,1,2,3
775,1,1,2,3
776,1,0,2,3
777,1,1,2,3
778,1,1,2,3
